INSERT INTO `branch` (`id`, `name`, `address`, `director_id`, `created_at`, `updated_at`) VALUES (1, 'et', '76728 Cali Island\nPort Delbert, NC 08654', 61, '1999-07-25 03:36:29', '1971-08-14 16:26:06');
INSERT INTO `branch` (`id`, `name`, `address`, `director_id`, `created_at`, `updated_at`) VALUES (2, 'ullam', '497 Yundt Inlet Suite 790\nSouth Cathryntown, IA 80870', 210, '2004-11-04 11:18:29', '1985-02-09 06:37:52');
INSERT INTO `branch` (`id`, `name`, `address`, `director_id`, `created_at`, `updated_at`) VALUES (3, 'voluptatem', '64390 Jast Place\nNew Alexzander, WA 29157-2842', 126, '1995-07-07 14:45:29', '2007-11-27 11:33:01');
INSERT INTO `branch` (`id`, `name`, `address`, `director_id`, `created_at`, `updated_at`) VALUES (4, 'rerum', '382 Makenzie Lakes\nEast Alvena, WA 49732', 211, '1986-05-17 22:05:38', '2011-06-17 02:55:40');
INSERT INTO `branch` (`id`, `name`, `address`, `director_id`, `created_at`, `updated_at`) VALUES (5, 'distinctio', '8986 Leannon Station\nVerdiefurt, GA 97741-4058', 184, '1973-04-05 11:59:17', '1994-12-23 07:13:12');
INSERT INTO `branch` (`id`, `name`, `address`, `director_id`, `created_at`, `updated_at`) VALUES (6, 'quidem', '132 Agustin Coves Apt. 413\nNorth Francisca, MA 30390', 222, '1990-04-01 03:11:14', '2018-10-14 22:33:58');
INSERT INTO `branch` (`id`, `name`, `address`, `director_id`, `created_at`, `updated_at`) VALUES (7, 'officia', '6713 Lakin Summit Apt. 904\nAlfonsoland, SD 44711-6456', 202, '1987-04-22 08:13:31', '1991-05-04 07:33:28');

INSERT INTO `accounts` (`id`, `branch_id`, `currency`, `currency_type`, `bank`, `created_at`, `updated_at`) VALUES (1, 1, '6744049', 'debitis', 'Parker, Block and Bauch', '2016-03-07 03:50:38', '1981-03-01 13:56:41');
INSERT INTO `accounts` (`id`, `branch_id`, `currency`, `currency_type`, `bank`, `created_at`, `updated_at`) VALUES (2, 2, '74', 'asperiores', 'McCullough, Christiansen and Walker', '1977-01-27 02:02:58', '1974-11-20 21:57:30');
INSERT INTO `accounts` (`id`, `branch_id`, `currency`, `currency_type`, `bank`, `created_at`, `updated_at`) VALUES (3, 3, '543', 'et', 'Farrell Group', '2014-03-30 09:08:14', '1994-07-10 17:33:44');
INSERT INTO `accounts` (`id`, `branch_id`, `currency`, `currency_type`, `bank`, `created_at`, `updated_at`) VALUES (4, 4, '753229', 'corporis', 'Kulas-McLaughlin', '1979-11-19 10:16:01', '1991-03-20 09:57:58');
INSERT INTO `accounts` (`id`, `branch_id`, `currency`, `currency_type`, `bank`, `created_at`, `updated_at`) VALUES (5, 5, '771701556', 'deserunt', 'Becker-Watsica', '2000-05-18 19:42:52', '1982-06-04 16:08:04');
INSERT INTO `accounts` (`id`, `branch_id`, `currency`, `currency_type`, `bank`, `created_at`, `updated_at`) VALUES (6, 6, '168139', 'dolorem', 'Ferry, Nienow and Rosenbaum', '1996-01-04 13:02:47', '2003-09-11 19:47:02');
INSERT INTO `accounts` (`id`, `branch_id`, `currency`, `currency_type`, `bank`, `created_at`, `updated_at`) VALUES (7, 7, '37003590', 'dolores', 'Corwin, Leannon and Kuhic', '1978-01-20 18:00:59', '1974-06-28 20:19:48');
INSERT INTO `accounts` (`id`, `branch_id`, `currency`, `currency_type`, `bank`, `created_at`, `updated_at`) VALUES (8, 1, '793', 'odit', 'Morissette Inc', '1984-03-31 11:56:59', '2018-05-29 06:06:31');
INSERT INTO `accounts` (`id`, `branch_id`, `currency`, `currency_type`, `bank`, `created_at`, `updated_at`) VALUES (9, 2, '513794462', 'quia', 'Medhurst, Bednar and Crist', '1973-02-28 00:46:44', '1991-05-11 01:05:22');
INSERT INTO `accounts` (`id`, `branch_id`, `currency`, `currency_type`, `bank`, `created_at`, `updated_at`) VALUES (10, 3, '35', 'qui', 'Friesen-Gutmann', '1971-04-01 06:32:39', '1979-12-01 15:57:49');
INSERT INTO `accounts` (`id`, `branch_id`, `currency`, `currency_type`, `bank`, `created_at`, `updated_at`) VALUES (11, 4, '685830', 'suscipit', 'Mayert LLC', '2004-03-09 13:01:42', '1990-04-30 23:28:44');
INSERT INTO `accounts` (`id`, `branch_id`, `currency`, `currency_type`, `bank`, `created_at`, `updated_at`) VALUES (12, 5, '912231', 'nihil', 'Sanford-Predovic', '1978-06-19 13:34:24', '2005-02-27 13:40:31');

INSERT INTO `goods` (`id`, `name`) VALUES (1, 'material');
INSERT INTO `goods` (`id`, `name`) VALUES (2, 'animal');
INSERT INTO `goods` (`id`, `name`) VALUES (3, 'instrument');
INSERT INTO `goods` (`id`, `name`) VALUES (4, 'machinery');

INSERT INTO `counterparty` (`id`, `name`, `data`) VALUES (1, 'Ernser Ltd', NULL);
INSERT INTO `counterparty` (`id`, `name`, `data`) VALUES (2, 'Okuneva Group', NULL);
INSERT INTO `counterparty` (`id`, `name`, `data`) VALUES (3, 'Daniel-Kunze', NULL);
INSERT INTO `counterparty` (`id`, `name`, `data`) VALUES (4, 'Rice, Moore and Daugherty', NULL);
INSERT INTO `counterparty` (`id`, `name`, `data`) VALUES (5, 'Hirthe LLC', NULL);
INSERT INTO `counterparty` (`id`, `name`, `data`) VALUES (6, 'Waters-West', NULL);
INSERT INTO `counterparty` (`id`, `name`, `data`) VALUES (7, 'Morissette-Lesch', NULL);
INSERT INTO `counterparty` (`id`, `name`, `data`) VALUES (8, 'Champlin-Fisher', NULL);
INSERT INTO `counterparty` (`id`, `name`, `data`) VALUES (9, 'Weber-Rosenbaum', NULL);
INSERT INTO `counterparty` (`id`, `name`, `data`) VALUES (10, 'Williamson, Dooley and Hane', NULL);
INSERT INTO `counterparty` (`id`, `name`, `data`) VALUES (11, 'Rowe, Cruickshank and Effertz', NULL);
INSERT INTO `counterparty` (`id`, `name`, `data`) VALUES (12, 'Keeling, Hansen and Connelly', NULL);
INSERT INTO `counterparty` (`id`, `name`, `data`) VALUES (13, 'Wilderman PLC', NULL);
INSERT INTO `counterparty` (`id`, `name`, `data`) VALUES (14, 'Douglas-Mayert', NULL);
INSERT INTO `counterparty` (`id`, `name`, `data`) VALUES (15, 'Bruen-Wyman', NULL);
INSERT INTO `counterparty` (`id`, `name`, `data`) VALUES (16, 'Reichel-Macejkovic', NULL);
INSERT INTO `counterparty` (`id`, `name`, `data`) VALUES (17, 'Balistreri, Cronin and Cremin', NULL);
INSERT INTO `counterparty` (`id`, `name`, `data`) VALUES (18, 'Glover-Lesch', NULL);
INSERT INTO `counterparty` (`id`, `name`, `data`) VALUES (19, 'Johns-Ernser', NULL);
INSERT INTO `counterparty` (`id`, `name`, `data`) VALUES (20, 'Marks, Dooley and Barton', NULL);
INSERT INTO `counterparty` (`id`, `name`, `data`) VALUES (21, 'Koepp-Carroll', NULL);
INSERT INTO `counterparty` (`id`, `name`, `data`) VALUES (22, 'Lynch-Boehm', NULL);
INSERT INTO `counterparty` (`id`, `name`, `data`) VALUES (23, 'Mante and Sons', NULL);
INSERT INTO `counterparty` (`id`, `name`, `data`) VALUES (24, 'Hickle, Schimmel and Carter', NULL);
INSERT INTO `counterparty` (`id`, `name`, `data`) VALUES (25, 'Zboncak LLC', NULL);

INSERT INTO `nomenclature` (`id`, `name`, `type`, `good_type_id`, `description`) VALUES (1, 'Officia eos aut.', 'dolore', 1, 'Animi aspernatur et ut modi et. Tenetur fugit quidem maiores neque quod. Qui et impedit molestiae eligendi. Distinctio aspernatur explicabo omnis eos voluptatum.');
INSERT INTO `nomenclature` (`id`, `name`, `type`, `good_type_id`, `description`) VALUES (2, 'Sunt non aut.', 'molestias', 2, 'Distinctio laborum et possimus magni exercitationem sunt totam. At nihil nisi est et eos est unde. Sit velit accusamus rerum quidem rerum minus itaque.');
INSERT INTO `nomenclature` (`id`, `name`, `type`, `good_type_id`, `description`) VALUES (3, 'Iusto saepe accusantium.', 'quas', 3, 'Nihil dolor commodi doloribus. Neque odio rerum et voluptas.');
INSERT INTO `nomenclature` (`id`, `name`, `type`, `good_type_id`, `description`) VALUES (4, 'Quia omnis.', 'consequuntur', 4, 'Fugit accusamus eos voluptatem excepturi fugit nostrum itaque. Commodi labore at blanditiis enim commodi. Dolorum deleniti accusamus est sequi eum fuga in.');
INSERT INTO `nomenclature` (`id`, `name`, `type`, `good_type_id`, `description`) VALUES (5, 'Unde necessitatibus.', 'voluptatem', 1, 'Sed illo minima qui id. Molestiae molestias rerum nulla molestiae est. Quaerat magnam iste quos non at non. Ut reiciendis voluptas aut molestias quas et.');
INSERT INTO `nomenclature` (`id`, `name`, `type`, `good_type_id`, `description`) VALUES (6, 'Et laudantium.', 'ducimus', 2, 'Aut quis rerum at. Est eaque fugit cumque aut numquam quam omnis. Non et aliquid et. Corporis non doloribus eius non minima.');
INSERT INTO `nomenclature` (`id`, `name`, `type`, `good_type_id`, `description`) VALUES (7, 'Harum similique soluta.', 'aut', 3, 'Nulla nemo architecto qui ipsa voluptatem. Id ipsa minus qui qui. Optio ut laudantium itaque cupiditate saepe doloribus. Architecto est laborum molestiae ullam quos nam veniam.');
INSERT INTO `nomenclature` (`id`, `name`, `type`, `good_type_id`, `description`) VALUES (8, 'Aut cum.', 'doloremque', 4, 'Iste esse omnis et rerum et officia quidem. Incidunt alias eos vel at. Et corporis distinctio architecto dolor quia ut.');
INSERT INTO `nomenclature` (`id`, `name`, `type`, `good_type_id`, `description`) VALUES (9, 'Vero repellendus.', 'aperiam', 1, 'Fuga nemo adipisci quos ut sed aperiam. Quod ut voluptas voluptatibus ut blanditiis quidem culpa. Et deleniti placeat placeat. Fugiat officia exercitationem consequatur quia aut. Nam asperiores eaque ratione culpa rerum harum.');
INSERT INTO `nomenclature` (`id`, `name`, `type`, `good_type_id`, `description`) VALUES (10, 'Corporis nostrum autem.', 'ea', 2, 'Magni possimus facere vitae ea quis dolores. Et dolorum ducimus maiores facilis ut quis sint. Tenetur est cumque vitae tempora mollitia fugit cupiditate.');
INSERT INTO `nomenclature` (`id`, `name`, `type`, `good_type_id`, `description`) VALUES (11, 'Est doloribus asperiores.', 'ullam', 3, 'Dignissimos accusantium sit voluptatum libero deserunt aut. Sit aut quos quia voluptate deleniti. Accusamus odio eius nemo sapiente mollitia. Dolor cupiditate possimus ut facilis est possimus. Error alias et minima voluptatem.');
INSERT INTO `nomenclature` (`id`, `name`, `type`, `good_type_id`, `description`) VALUES (12, 'Sint itaque ut.', 'doloribus', 4, 'Totam et aliquid aperiam. Facilis optio consequuntur cumque. Ut nesciunt eligendi inventore sit et.');
INSERT INTO `nomenclature` (`id`, `name`, `type`, `good_type_id`, `description`) VALUES (13, 'Quibusdam est consequatur.', 'sit', 1, 'Ut similique veniam sit. Velit magnam aspernatur non soluta beatae cupiditate harum. Totam sed tenetur aperiam illum delectus ullam. Omnis accusamus qui esse exercitationem eos eveniet.');
INSERT INTO `nomenclature` (`id`, `name`, `type`, `good_type_id`, `description`) VALUES (14, 'Mollitia quis.', 'cupiditate', 2, 'Repellendus nam explicabo harum ut ullam. Nihil fugiat numquam eius nulla aliquid qui unde. Nihil corporis deserunt odit eos cum laborum ut. Recusandae aliquid veritatis ducimus deserunt et debitis.');
INSERT INTO `nomenclature` (`id`, `name`, `type`, `good_type_id`, `description`) VALUES (15, 'Possimus aperiam dolorum.', 'soluta', 3, 'Corrupti quo nesciunt error. Sit aut magnam velit enim laudantium rem. Corporis deleniti velit qui illum et. Libero nulla qui ducimus enim labore.');
INSERT INTO `nomenclature` (`id`, `name`, `type`, `good_type_id`, `description`) VALUES (16, 'Placeat sed.', 'officia', 4, 'Molestias aliquid ex vel accusantium maxime. Rem sunt atque aut eum aut. Maiores accusamus rerum odit veritatis ut.');
INSERT INTO `nomenclature` (`id`, `name`, `type`, `good_type_id`, `description`) VALUES (17, 'Repellendus deserunt.', 'soluta', 1, 'Rerum voluptas et enim neque reprehenderit nemo aut. Nemo est error est labore quaerat. Qui ex vero odio voluptas excepturi. Dolores ex eaque maxime itaque.');
INSERT INTO `nomenclature` (`id`, `name`, `type`, `good_type_id`, `description`) VALUES (18, 'Maxime odit.', 'adipisci', 2, 'Suscipit in sapiente pariatur qui. Error vel ipsa exercitationem earum consectetur a dolore ratione. Temporibus eos ducimus natus hic animi.');
INSERT INTO `nomenclature` (`id`, `name`, `type`, `good_type_id`, `description`) VALUES (19, 'Ut et et.', 'modi', 3, 'Veritatis cum molestias facilis est perspiciatis qui ut. Et rerum maiores odio enim labore sed debitis. Cumque quia facilis cumque veritatis itaque necessitatibus repudiandae. Aliquid voluptate suscipit sunt et quidem sunt quibusdam.');
INSERT INTO `nomenclature` (`id`, `name`, `type`, `good_type_id`, `description`) VALUES (20, 'Nam distinctio officia.', 'earum', 4, 'Et dolores et voluptas fuga omnis quia. Et placeat quis modi excepturi rerum consectetur tenetur. Vel sapiente amet voluptatem soluta maiores sunt. Dignissimos repellat rem quia nobis praesentium minus.');
INSERT INTO `nomenclature` (`id`, `name`, `type`, `good_type_id`, `description`) VALUES (21, 'Voluptas voluptatem.', 'exercitationem', 1, 'Sed voluptates exercitationem porro voluptas quisquam accusamus quo. Atque similique rerum recusandae magni eligendi quod. Provident id fugiat ab quidem et ea minima.');
INSERT INTO `nomenclature` (`id`, `name`, `type`, `good_type_id`, `description`) VALUES (22, 'Consequatur ad.', 'in', 2, 'Maiores illum ut aperiam hic voluptatibus aut. Cumque et consequatur quaerat sint est vel. Fugit deserunt doloremque ipsa vitae alias.');
INSERT INTO `nomenclature` (`id`, `name`, `type`, `good_type_id`, `description`) VALUES (23, 'Ut debitis minima.', 'iste', 3, 'Ratione omnis quis aperiam. Eum temporibus fugiat quisquam. Quis est accusamus quasi pariatur ea magni.');
INSERT INTO `nomenclature` (`id`, `name`, `type`, `good_type_id`, `description`) VALUES (24, 'Quam exercitationem.', 'sit', 4, 'Magnam repellendus repellendus sint vel qui qui. Tempora velit aut officia debitis autem earum esse. Explicabo odio est rerum.');
INSERT INTO `nomenclature` (`id`, `name`, `type`, `good_type_id`, `description`) VALUES (25, 'Quia harum maiores.', 'iusto', 1, 'Voluptates ut libero fugiat dolorem ducimus rem. Omnis fugiat sint in alias vero. Voluptates dolorem laborum id rerum suscipit. Facere nemo in enim praesentium unde velit alias.');
INSERT INTO `nomenclature` (`id`, `name`, `type`, `good_type_id`, `description`) VALUES (26, 'Est quo ut.', 'dolores', 2, 'Et in quam molestiae beatae cupiditate qui enim. Modi est temporibus quia ad neque et. Est odit numquam cupiditate omnis praesentium fuga. Quae quia aliquam dolorem odit unde aliquam illum.');
INSERT INTO `nomenclature` (`id`, `name`, `type`, `good_type_id`, `description`) VALUES (27, 'Quaerat et nemo.', 'quia', 3, 'Nulla assumenda voluptates rerum in quia corrupti. Nesciunt rerum non porro tempora. Voluptas quia quidem omnis voluptate.');
INSERT INTO `nomenclature` (`id`, `name`, `type`, `good_type_id`, `description`) VALUES (28, 'Quia neque odit.', 'quaerat', 4, 'Aut sed et aut consectetur id dicta. Asperiores distinctio asperiores minima necessitatibus. Dicta reiciendis quis rerum consequatur aliquid rem. Illum dicta est et est ullam.');
INSERT INTO `nomenclature` (`id`, `name`, `type`, `good_type_id`, `description`) VALUES (29, 'Sit sequi aut.', 'tenetur', 1, 'Corporis natus ipsum ab ad rem facere ullam. Necessitatibus non molestiae vel consequatur quaerat nam in. Et culpa quam esse maxime sint sint eligendi quisquam. Nulla dolore vero quos dolorem doloremque nesciunt.');
INSERT INTO `nomenclature` (`id`, `name`, `type`, `good_type_id`, `description`) VALUES (30, 'Qui doloremque saepe.', 'exercitationem', 2, 'Ut cum corporis sint vel ut voluptas. In natus enim corrupti culpa cupiditate. Consequatur quod et laboriosam et voluptas iure voluptatum iusto.');
INSERT INTO `nomenclature` (`id`, `name`, `type`, `good_type_id`, `description`) VALUES (31, 'Aut ut accusamus.', 'eligendi', 3, 'Modi dolores magni earum consequuntur. Et enim in officia eos eius. Vitae nesciunt molestias ipsam tenetur debitis numquam.');
INSERT INTO `nomenclature` (`id`, `name`, `type`, `good_type_id`, `description`) VALUES (32, 'At labore a.', 'laudantium', 4, 'Est ut ipsa nemo adipisci inventore. Rerum ipsum quos sunt. Enim sit molestiae sunt. Culpa voluptas in quidem autem.');
INSERT INTO `nomenclature` (`id`, `name`, `type`, `good_type_id`, `description`) VALUES (33, 'Occaecati hic.', 'quos', 1, 'Odio soluta commodi qui et. Reprehenderit inventore commodi accusamus quo. Nihil officia illo suscipit velit. Eos qui similique ut saepe facilis enim. Est qui nisi excepturi quae eaque facere quidem.');
INSERT INTO `nomenclature` (`id`, `name`, `type`, `good_type_id`, `description`) VALUES (34, 'Voluptas adipisci.', 'ea', 2, 'Quia ut praesentium inventore quae non nisi sed. Et quo libero laboriosam modi neque assumenda. Rerum aut earum ea ut non doloribus sed.');
INSERT INTO `nomenclature` (`id`, `name`, `type`, `good_type_id`, `description`) VALUES (35, 'Asperiores qui libero.', 'iste', 3, 'Beatae tempora eum doloremque velit vel voluptas. Ratione qui alias est voluptates. Blanditiis officiis nisi omnis omnis.');
INSERT INTO `nomenclature` (`id`, `name`, `type`, `good_type_id`, `description`) VALUES (36, 'Quas qui.', 'alias', 4, 'Deleniti ab dignissimos et omnis magni suscipit rerum. Officia veritatis non hic dolor. Voluptatum in amet laudantium nulla minus. Ullam neque incidunt repellendus aliquam quasi delectus velit non. Laudantium veritatis facilis velit id.');
INSERT INTO `nomenclature` (`id`, `name`, `type`, `good_type_id`, `description`) VALUES (37, 'Soluta placeat quod.', 'quidem', 1, 'Est velit debitis quaerat cupiditate sit consequatur soluta. Ipsum sapiente atque ullam libero. Dolore ad ut nesciunt impedit sed voluptatem.');
INSERT INTO `nomenclature` (`id`, `name`, `type`, `good_type_id`, `description`) VALUES (38, 'Corporis vero labore.', 'aut', 2, 'Nostrum illum in at consequuntur libero ducimus. Perferendis qui est ut quia sed quia. Et eos ut assumenda corporis. Unde iure illum est vel ab tempora et.');
INSERT INTO `nomenclature` (`id`, `name`, `type`, `good_type_id`, `description`) VALUES (39, 'Iste officiis deserunt.', 'et', 3, 'Aut dolorum illum ut. Aut odio earum voluptatum aliquam aut commodi. Facere dolore officia rerum voluptate vero qui excepturi. Est molestiae ea est qui a id accusantium et.');
INSERT INTO `nomenclature` (`id`, `name`, `type`, `good_type_id`, `description`) VALUES (40, 'Fugit rerum vel.', 'qui', 4, 'Et accusamus placeat eum harum optio ut beatae. Eius dolorem non deleniti nesciunt quis ipsa est. In doloribus aspernatur reiciendis architecto.');


INSERT INTO `contracts` (`id`, `number`, `counterparty_id`, `operation_type`, `type_id`, `quantity`, `created_at`, `updated_at`) VALUES (1, 39169, 1, 'quia', 1, 88, '1977-04-11 00:00:07', '1972-06-23 22:10:11');
INSERT INTO `contracts` (`id`, `number`, `counterparty_id`, `operation_type`, `type_id`, `quantity`, `created_at`, `updated_at`) VALUES (2, 16, 2, 'dolor', 2, 177, '2009-04-10 11:53:40', '1997-02-05 23:44:49');
INSERT INTO `contracts` (`id`, `number`, `counterparty_id`, `operation_type`, `type_id`, `quantity`, `created_at`, `updated_at`) VALUES (3, 613616750, 3, 'voluptatem', 3, 42, '1970-05-30 20:24:35', '2009-08-17 19:27:00');
INSERT INTO `contracts` (`id`, `number`, `counterparty_id`, `operation_type`, `type_id`, `quantity`, `created_at`, `updated_at`) VALUES (4, 31119566, 4, 'enim', 4, 90, '2015-05-18 14:46:18', '1994-07-11 01:31:49');
INSERT INTO `contracts` (`id`, `number`, `counterparty_id`, `operation_type`, `type_id`, `quantity`, `created_at`, `updated_at`) VALUES (5, 717, 5, 'consequuntur', 5, 450, '2018-02-22 17:19:32', '2014-02-13 21:58:55');
INSERT INTO `contracts` (`id`, `number`, `counterparty_id`, `operation_type`, `type_id`, `quantity`, `created_at`, `updated_at`) VALUES (6, 776, 6, 'illum', 6, 120, '1984-06-26 01:58:26', '1987-01-18 14:38:14');
INSERT INTO `contracts` (`id`, `number`, `counterparty_id`, `operation_type`, `type_id`, `quantity`, `created_at`, `updated_at`) VALUES (7, 49391, 7, 'delectus', 7, 66, '1992-04-06 02:14:32', '2003-08-03 09:15:17');
INSERT INTO `contracts` (`id`, `number`, `counterparty_id`, `operation_type`, `type_id`, `quantity`, `created_at`, `updated_at`) VALUES (8, 70, 8, 'id', 8, 94, '1982-11-16 01:31:42', '1986-01-09 20:33:44');
INSERT INTO `contracts` (`id`, `number`, `counterparty_id`, `operation_type`, `type_id`, `quantity`, `created_at`, `updated_at`) VALUES (9, 8089347, 9, 'qui', 9, 447, '1973-08-20 14:17:52', '2015-04-28 08:53:51');
INSERT INTO `contracts` (`id`, `number`, `counterparty_id`, `operation_type`, `type_id`, `quantity`, `created_at`, `updated_at`) VALUES (10, 669365, 10, 'voluptatem', 10, 53, '1986-06-01 07:10:57', '1974-11-29 23:49:59');
INSERT INTO `contracts` (`id`, `number`, `counterparty_id`, `operation_type`, `type_id`, `quantity`, `created_at`, `updated_at`) VALUES (11, 22, 11, 'officia', 11, 384, '2020-06-05 01:43:18', '1987-02-22 01:32:30');
INSERT INTO `contracts` (`id`, `number`, `counterparty_id`, `operation_type`, `type_id`, `quantity`, `created_at`, `updated_at`) VALUES (12, 847, 12, 'est', 12, 114, '2010-10-19 06:33:17', '1983-04-11 05:30:53');
INSERT INTO `contracts` (`id`, `number`, `counterparty_id`, `operation_type`, `type_id`, `quantity`, `created_at`, `updated_at`) VALUES (13, 8890, 13, 'sint', 13, 497, '1980-05-10 09:14:37', '1982-11-08 18:07:18');
INSERT INTO `contracts` (`id`, `number`, `counterparty_id`, `operation_type`, `type_id`, `quantity`, `created_at`, `updated_at`) VALUES (14, 4956, 14, 'provident', 14, 273, '1980-11-30 19:05:29', '2018-09-13 15:27:07');
INSERT INTO `contracts` (`id`, `number`, `counterparty_id`, `operation_type`, `type_id`, `quantity`, `created_at`, `updated_at`) VALUES (15, 245389, 15, 'accusantium', 15, 496, '1998-11-25 01:43:53', '2012-10-08 13:52:40');
INSERT INTO `contracts` (`id`, `number`, `counterparty_id`, `operation_type`, `type_id`, `quantity`, `created_at`, `updated_at`) VALUES (16, 349, 16, 'non', 16, 494, '1980-08-12 16:37:11', '1990-02-03 22:21:14');
INSERT INTO `contracts` (`id`, `number`, `counterparty_id`, `operation_type`, `type_id`, `quantity`, `created_at`, `updated_at`) VALUES (17, 57730, 17, 'at', 17, 292, '1994-10-30 04:59:32', '1993-03-02 23:38:55');
INSERT INTO `contracts` (`id`, `number`, `counterparty_id`, `operation_type`, `type_id`, `quantity`, `created_at`, `updated_at`) VALUES (18, 346, 18, 'quis', 18, 196, '2016-08-28 18:46:42', '2006-09-01 16:06:18');
INSERT INTO `contracts` (`id`, `number`, `counterparty_id`, `operation_type`, `type_id`, `quantity`, `created_at`, `updated_at`) VALUES (19, 9, 19, 'reiciendis', 19, 429, '1979-01-30 13:00:28', '2011-09-06 06:18:21');
INSERT INTO `contracts` (`id`, `number`, `counterparty_id`, `operation_type`, `type_id`, `quantity`, `created_at`, `updated_at`) VALUES (20, 510486, 20, 'et', 20, 508, '1998-01-21 21:47:33', '2015-01-16 17:20:35');
INSERT INTO `contracts` (`id`, `number`, `counterparty_id`, `operation_type`, `type_id`, `quantity`, `created_at`, `updated_at`) VALUES (21, 7067, 21, 'exercitationem', 21, 184, '1989-09-04 02:20:12', '2015-07-13 10:02:14');
INSERT INTO `contracts` (`id`, `number`, `counterparty_id`, `operation_type`, `type_id`, `quantity`, `created_at`, `updated_at`) VALUES (22, 81645090, 22, 'a', 22, 395, '1983-10-28 18:04:05', '2020-05-09 22:41:29');
INSERT INTO `contracts` (`id`, `number`, `counterparty_id`, `operation_type`, `type_id`, `quantity`, `created_at`, `updated_at`) VALUES (23, 116, 23, 'totam', 23, 23, '2005-04-08 10:27:28', '2011-07-28 00:44:08');
INSERT INTO `contracts` (`id`, `number`, `counterparty_id`, `operation_type`, `type_id`, `quantity`, `created_at`, `updated_at`) VALUES (24, 379, 24, 'perspiciatis', 24, 469, '1987-01-19 20:20:39', '2014-04-01 21:09:02');
INSERT INTO `contracts` (`id`, `number`, `counterparty_id`, `operation_type`, `type_id`, `quantity`, `created_at`, `updated_at`) VALUES (25, 8332, 25, 'nostrum', 25, 552, '1985-11-01 11:55:45', '2020-10-10 20:58:27');
INSERT INTO `contracts` (`id`, `number`, `counterparty_id`, `operation_type`, `type_id`, `quantity`, `created_at`, `updated_at`) VALUES (26, 9494567, 1, 'quia', 26, 46, '2013-11-01 09:20:02', '2019-03-26 08:12:08');
INSERT INTO `contracts` (`id`, `number`, `counterparty_id`, `operation_type`, `type_id`, `quantity`, `created_at`, `updated_at`) VALUES (27, 85706613, 2, 'vitae', 27, 520, '2009-11-20 10:16:51', '2014-04-11 17:42:20');
INSERT INTO `contracts` (`id`, `number`, `counterparty_id`, `operation_type`, `type_id`, `quantity`, `created_at`, `updated_at`) VALUES (28, 96, 3, 'error', 28, 131, '1991-12-15 23:52:25', '1997-09-11 10:36:18');
INSERT INTO `contracts` (`id`, `number`, `counterparty_id`, `operation_type`, `type_id`, `quantity`, `created_at`, `updated_at`) VALUES (29, 10799157, 4, 'laborum', 29, 456, '2008-07-11 14:13:56', '1983-11-11 21:00:30');
INSERT INTO `contracts` (`id`, `number`, `counterparty_id`, `operation_type`, `type_id`, `quantity`, `created_at`, `updated_at`) VALUES (30, 14915963, 5, 'debitis', 30, 380, '1993-07-06 03:40:46', '2015-05-07 06:20:32');
INSERT INTO `contracts` (`id`, `number`, `counterparty_id`, `operation_type`, `type_id`, `quantity`, `created_at`, `updated_at`) VALUES (31, 53, 6, 'iste', 31, 132, '2021-04-26 16:21:37', '1987-08-23 03:35:40');
INSERT INTO `contracts` (`id`, `number`, `counterparty_id`, `operation_type`, `type_id`, `quantity`, `created_at`, `updated_at`) VALUES (32, 67, 7, 'culpa', 32, 451, '1983-01-14 01:58:50', '1971-05-26 15:36:55');
INSERT INTO `contracts` (`id`, `number`, `counterparty_id`, `operation_type`, `type_id`, `quantity`, `created_at`, `updated_at`) VALUES (33, 35029205, 8, 'est', 33, 36, '2002-07-30 07:25:57', '1995-06-28 18:52:26');
INSERT INTO `contracts` (`id`, `number`, `counterparty_id`, `operation_type`, `type_id`, `quantity`, `created_at`, `updated_at`) VALUES (34, 6763, 9, 'minus', 34, 221, '2008-07-10 09:20:46', '1975-09-01 21:48:34');
INSERT INTO `contracts` (`id`, `number`, `counterparty_id`, `operation_type`, `type_id`, `quantity`, `created_at`, `updated_at`) VALUES (35, 39011419, 10, 'recusandae', 35, 542, '2010-11-25 03:56:40', '1971-04-21 00:34:20');
INSERT INTO `contracts` (`id`, `number`, `counterparty_id`, `operation_type`, `type_id`, `quantity`, `created_at`, `updated_at`) VALUES (36, 2473910, 11, 'eum', 36, 583, '1978-05-11 17:23:28', '2000-11-09 02:38:18');
INSERT INTO `contracts` (`id`, `number`, `counterparty_id`, `operation_type`, `type_id`, `quantity`, `created_at`, `updated_at`) VALUES (37, 850633502, 12, 'et', 37, 483, '1983-10-09 23:19:44', '1984-10-26 17:31:00');
INSERT INTO `contracts` (`id`, `number`, `counterparty_id`, `operation_type`, `type_id`, `quantity`, `created_at`, `updated_at`) VALUES (38, 758873827, 13, 'amet', 38, 594, '2016-12-04 09:30:58', '1987-06-19 22:14:18');
INSERT INTO `contracts` (`id`, `number`, `counterparty_id`, `operation_type`, `type_id`, `quantity`, `created_at`, `updated_at`) VALUES (39, 1850870, 14, 'unde', 39, 492, '2014-03-28 16:52:35', '1977-07-31 07:02:40');
INSERT INTO `contracts` (`id`, `number`, `counterparty_id`, `operation_type`, `type_id`, `quantity`, `created_at`, `updated_at`) VALUES (40, 876258, 15, 'itaque', 40, 37, '1995-09-17 16:45:39', '1971-11-13 17:10:19');
INSERT INTO `contracts` (`id`, `number`, `counterparty_id`, `operation_type`, `type_id`, `quantity`, `created_at`, `updated_at`) VALUES (41, 783, 16, 'distinctio', 1, 286, '2007-09-29 12:45:12', '1992-03-17 06:04:12');
INSERT INTO `contracts` (`id`, `number`, `counterparty_id`, `operation_type`, `type_id`, `quantity`, `created_at`, `updated_at`) VALUES (42, 295, 17, 'rerum', 2, 224, '1973-09-20 08:55:59', '1991-02-16 06:29:16');
INSERT INTO `contracts` (`id`, `number`, `counterparty_id`, `operation_type`, `type_id`, `quantity`, `created_at`, `updated_at`) VALUES (43, 93, 18, 'nihil', 3, 229, '1992-03-28 08:10:06', '2008-04-24 10:52:44');
INSERT INTO `contracts` (`id`, `number`, `counterparty_id`, `operation_type`, `type_id`, `quantity`, `created_at`, `updated_at`) VALUES (44, 697381, 19, 'aut', 4, 456, '1995-03-07 07:03:01', '2006-03-19 21:50:48');
INSERT INTO `contracts` (`id`, `number`, `counterparty_id`, `operation_type`, `type_id`, `quantity`, `created_at`, `updated_at`) VALUES (45, 35781078, 20, 'tempora', 5, 511, '2015-03-20 07:31:52', '1990-01-10 13:23:48');
INSERT INTO `contracts` (`id`, `number`, `counterparty_id`, `operation_type`, `type_id`, `quantity`, `created_at`, `updated_at`) VALUES (46, 94, 21, 'aut', 6, 81, '2002-01-30 15:21:56', '1999-10-08 21:45:44');
INSERT INTO `contracts` (`id`, `number`, `counterparty_id`, `operation_type`, `type_id`, `quantity`, `created_at`, `updated_at`) VALUES (47, 355790271, 22, 'est', 7, 201, '1986-07-23 12:57:21', '2000-06-24 19:25:02');
INSERT INTO `contracts` (`id`, `number`, `counterparty_id`, `operation_type`, `type_id`, `quantity`, `created_at`, `updated_at`) VALUES (48, 5079914, 23, 'aliquid', 8, 270, '2017-09-24 18:20:25', '1999-07-16 19:31:55');
INSERT INTO `contracts` (`id`, `number`, `counterparty_id`, `operation_type`, `type_id`, `quantity`, `created_at`, `updated_at`) VALUES (49, 528363748, 24, 'deserunt', 9, 570, '2015-06-01 05:38:30', '1975-04-03 04:40:26');
INSERT INTO `contracts` (`id`, `number`, `counterparty_id`, `operation_type`, `type_id`, `quantity`, `created_at`, `updated_at`) VALUES (50, 9315577, 25, 'consectetur', 10, 290, '1989-01-09 21:37:00', '1994-12-01 18:41:37');
INSERT INTO `contracts` (`id`, `number`, `counterparty_id`, `operation_type`, `type_id`, `quantity`, `created_at`, `updated_at`) VALUES (51, 90417, 1, 'est', 11, 96, '1996-07-25 05:17:29', '1975-11-12 23:12:37');
INSERT INTO `contracts` (`id`, `number`, `counterparty_id`, `operation_type`, `type_id`, `quantity`, `created_at`, `updated_at`) VALUES (52, 654, 2, 'qui', 12, 61, '2005-12-24 12:07:51', '1983-12-11 07:28:19');
INSERT INTO `contracts` (`id`, `number`, `counterparty_id`, `operation_type`, `type_id`, `quantity`, `created_at`, `updated_at`) VALUES (53, 7339, 3, 'expedita', 13, 260, '1973-06-02 02:17:41', '2011-03-07 20:22:47');
INSERT INTO `contracts` (`id`, `number`, `counterparty_id`, `operation_type`, `type_id`, `quantity`, `created_at`, `updated_at`) VALUES (54, 192040417, 4, 'sed', 14, 209, '2006-09-14 04:26:36', '2009-11-06 05:13:18');
INSERT INTO `contracts` (`id`, `number`, `counterparty_id`, `operation_type`, `type_id`, `quantity`, `created_at`, `updated_at`) VALUES (55, 613577, 5, 'error', 15, 493, '1987-08-01 00:34:40', '1991-09-18 00:15:07');
INSERT INTO `contracts` (`id`, `number`, `counterparty_id`, `operation_type`, `type_id`, `quantity`, `created_at`, `updated_at`) VALUES (56, 21837247, 6, 'totam', 16, 341, '1999-11-07 07:51:40', '2006-09-13 05:52:08');
INSERT INTO `contracts` (`id`, `number`, `counterparty_id`, `operation_type`, `type_id`, `quantity`, `created_at`, `updated_at`) VALUES (57, 6, 7, 'ducimus', 17, 571, '2003-10-26 03:09:14', '1970-01-27 22:13:26');
INSERT INTO `contracts` (`id`, `number`, `counterparty_id`, `operation_type`, `type_id`, `quantity`, `created_at`, `updated_at`) VALUES (58, 90478936, 8, 'ut', 18, 38, '1970-10-01 14:24:57', '2001-01-14 20:59:42');
INSERT INTO `contracts` (`id`, `number`, `counterparty_id`, `operation_type`, `type_id`, `quantity`, `created_at`, `updated_at`) VALUES (59, 3641, 9, 'sit', 19, 34, '2019-01-05 15:08:41', '1995-11-29 19:24:07');
INSERT INTO `contracts` (`id`, `number`, `counterparty_id`, `operation_type`, `type_id`, `quantity`, `created_at`, `updated_at`) VALUES (60, 2, 10, 'et', 20, 147, '1971-01-31 22:13:13', '2005-06-25 23:10:07');
INSERT INTO `contracts` (`id`, `number`, `counterparty_id`, `operation_type`, `type_id`, `quantity`, `created_at`, `updated_at`) VALUES (61, 44322020, 11, 'sequi', 21, 132, '1998-07-27 05:03:11', '1998-01-06 19:10:48');
INSERT INTO `contracts` (`id`, `number`, `counterparty_id`, `operation_type`, `type_id`, `quantity`, `created_at`, `updated_at`) VALUES (62, 371545, 12, 'facilis', 22, 45, '1971-06-19 06:15:30', '2018-12-18 09:50:54');
INSERT INTO `contracts` (`id`, `number`, `counterparty_id`, `operation_type`, `type_id`, `quantity`, `created_at`, `updated_at`) VALUES (63, 2595, 13, 'consequatur', 23, 599, '2006-09-08 21:03:21', '1999-04-21 23:18:40');
INSERT INTO `contracts` (`id`, `number`, `counterparty_id`, `operation_type`, `type_id`, `quantity`, `created_at`, `updated_at`) VALUES (64, 49326, 14, 'optio', 24, 451, '2018-03-20 23:56:07', '1991-01-06 01:20:43');
INSERT INTO `contracts` (`id`, `number`, `counterparty_id`, `operation_type`, `type_id`, `quantity`, `created_at`, `updated_at`) VALUES (65, 818, 15, 'in', 25, 151, '2008-08-13 16:21:42', '1986-06-01 09:45:55');
INSERT INTO `contracts` (`id`, `number`, `counterparty_id`, `operation_type`, `type_id`, `quantity`, `created_at`, `updated_at`) VALUES (66, 91, 16, 'omnis', 26, 157, '1999-05-12 07:22:32', '2012-01-01 02:49:03');
INSERT INTO `contracts` (`id`, `number`, `counterparty_id`, `operation_type`, `type_id`, `quantity`, `created_at`, `updated_at`) VALUES (67, 6317609, 17, 'qui', 27, 569, '1993-07-03 22:36:41', '2001-04-09 10:45:45');
INSERT INTO `contracts` (`id`, `number`, `counterparty_id`, `operation_type`, `type_id`, `quantity`, `created_at`, `updated_at`) VALUES (68, 20092, 18, 'magnam', 28, 552, '1987-06-15 07:04:27', '1982-08-27 12:53:40');
INSERT INTO `contracts` (`id`, `number`, `counterparty_id`, `operation_type`, `type_id`, `quantity`, `created_at`, `updated_at`) VALUES (69, 7, 19, 'aperiam', 29, 397, '2018-05-24 17:14:19', '1983-08-08 13:19:31');
INSERT INTO `contracts` (`id`, `number`, `counterparty_id`, `operation_type`, `type_id`, `quantity`, `created_at`, `updated_at`) VALUES (70, 45437, 20, 'non', 30, 66, '2004-11-14 03:05:30', '1989-09-14 03:20:27');

INSERT INTO `animalStorages` (`branch_id`, `animal_id`, `quantity`, `created_at`, `updated_at`) VALUES (1, 1, 18, '1985-06-13 20:25:02', '2013-03-13 11:17:31');
INSERT INTO `animalStorages` (`branch_id`, `animal_id`, `quantity`, `created_at`, `updated_at`) VALUES (1, 8, 34, '1977-07-08 17:13:08', '2011-04-14 17:42:15');
INSERT INTO `animalStorages` (`branch_id`, `animal_id`, `quantity`, `created_at`, `updated_at`) VALUES (1, 15, 10, '1987-09-08 10:13:54', '2018-01-07 10:06:14');
INSERT INTO `animalStorages` (`branch_id`, `animal_id`, `quantity`, `created_at`, `updated_at`) VALUES (2, 2, 22, '1988-06-01 17:37:34', '2002-03-18 16:57:14');
INSERT INTO `animalStorages` (`branch_id`, `animal_id`, `quantity`, `created_at`, `updated_at`) VALUES (2, 9, 15, '1979-12-02 09:16:55', '1973-02-10 14:33:40');
INSERT INTO `animalStorages` (`branch_id`, `animal_id`, `quantity`, `created_at`, `updated_at`) VALUES (2, 16, 34, '2019-04-03 07:45:38', '2011-03-21 11:35:07');
INSERT INTO `animalStorages` (`branch_id`, `animal_id`, `quantity`, `created_at`, `updated_at`) VALUES (3, 3, 12, '1970-12-30 12:52:57', '1991-10-16 01:00:59');
INSERT INTO `animalStorages` (`branch_id`, `animal_id`, `quantity`, `created_at`, `updated_at`) VALUES (3, 10, 17, '2018-12-21 03:19:54', '2001-06-15 16:04:17');
INSERT INTO `animalStorages` (`branch_id`, `animal_id`, `quantity`, `created_at`, `updated_at`) VALUES (3, 17, 32, '1977-11-14 18:29:34', '1998-03-10 15:13:20');
INSERT INTO `animalStorages` (`branch_id`, `animal_id`, `quantity`, `created_at`, `updated_at`) VALUES (4, 4, 41, '2020-10-03 01:34:17', '2001-05-24 06:37:37');
INSERT INTO `animalStorages` (`branch_id`, `animal_id`, `quantity`, `created_at`, `updated_at`) VALUES (4, 11, 34, '1980-02-13 22:53:52', '1974-08-10 01:44:28');
INSERT INTO `animalStorages` (`branch_id`, `animal_id`, `quantity`, `created_at`, `updated_at`) VALUES (4, 18, 50, '1997-07-18 22:46:15', '1985-10-14 05:06:14');
INSERT INTO `animalStorages` (`branch_id`, `animal_id`, `quantity`, `created_at`, `updated_at`) VALUES (5, 5, 32, '1999-10-25 04:14:47', '2001-04-03 18:07:06');
INSERT INTO `animalStorages` (`branch_id`, `animal_id`, `quantity`, `created_at`, `updated_at`) VALUES (5, 12, 10, '1996-04-18 08:39:12', '1996-09-18 00:48:34');
INSERT INTO `animalStorages` (`branch_id`, `animal_id`, `quantity`, `created_at`, `updated_at`) VALUES (5, 19, 48, '1973-05-08 23:40:09', '1975-04-22 07:21:11');
INSERT INTO `animalStorages` (`branch_id`, `animal_id`, `quantity`, `created_at`, `updated_at`) VALUES (6, 6, 29, '2020-02-05 20:39:03', '2017-07-12 09:24:07');
INSERT INTO `animalStorages` (`branch_id`, `animal_id`, `quantity`, `created_at`, `updated_at`) VALUES (6, 13, 49, '1980-05-21 04:01:45', '1984-12-24 19:37:34');
INSERT INTO `animalStorages` (`branch_id`, `animal_id`, `quantity`, `created_at`, `updated_at`) VALUES (6, 20, 0, '1982-08-09 01:09:28', '2006-10-03 07:40:15');
INSERT INTO `animalStorages` (`branch_id`, `animal_id`, `quantity`, `created_at`, `updated_at`) VALUES (7, 7, 45, '1983-08-17 06:16:53', '1987-09-15 16:39:44');
INSERT INTO `animalStorages` (`branch_id`, `animal_id`, `quantity`, `created_at`, `updated_at`) VALUES (7, 14, 12, '1983-04-24 11:27:17', '1973-04-12 20:14:50');

INSERT INTO `employees` (`id`, `name`, `surname`, `patronymic`, `gender`, `birth_date`, `employment_date`, `branch_id`, `created_at`, `updated_at`) VALUES (1, 'Maddison', 'Gusikowski', NULL, 'a', '2014-04-03 09:54:26', '1993-04-23 03:48:40', 1, '1990-05-24 04:39:48', '1987-07-05 06:12:53');
INSERT INTO `employees` (`id`, `name`, `surname`, `patronymic`, `gender`, `birth_date`, `employment_date`, `branch_id`, `created_at`, `updated_at`) VALUES (2, 'Allie', 'Schaden', NULL, 'p', '2010-09-17 19:40:21', '1995-08-11 08:35:41', 2, '1993-09-23 10:33:36', '2011-10-04 22:37:15');
INSERT INTO `employees` (`id`, `name`, `surname`, `patronymic`, `gender`, `birth_date`, `employment_date`, `branch_id`, `created_at`, `updated_at`) VALUES (3, 'Kristina', 'Predovic', NULL, 'r', '2017-09-09 22:18:07', '1975-10-03 19:23:12', 3, '2013-12-31 02:27:45', '2008-11-04 15:52:58');
INSERT INTO `employees` (`id`, `name`, `surname`, `patronymic`, `gender`, `birth_date`, `employment_date`, `branch_id`, `created_at`, `updated_at`) VALUES (4, 'Audra', 'Veum', NULL, 'i', '1983-10-08 18:37:55', '1985-08-20 06:17:44', 4, '2009-06-29 10:52:03', '2001-09-05 21:29:57');
INSERT INTO `employees` (`id`, `name`, `surname`, `patronymic`, `gender`, `birth_date`, `employment_date`, `branch_id`, `created_at`, `updated_at`) VALUES (5, 'Bonita', 'Kling', NULL, 'v', '2019-11-23 06:26:02', '2007-11-01 02:31:40', 5, '2003-11-22 19:34:53', '2004-03-11 11:53:30');
INSERT INTO `employees` (`id`, `name`, `surname`, `patronymic`, `gender`, `birth_date`, `employment_date`, `branch_id`, `created_at`, `updated_at`) VALUES (6, 'Patrick', 'Raynor', NULL, 'g', '1990-12-29 04:13:23', '2014-09-05 13:15:00', 6, '2004-07-18 22:55:52', '2004-07-19 15:19:17');
INSERT INTO `employees` (`id`, `name`, `surname`, `patronymic`, `gender`, `birth_date`, `employment_date`, `branch_id`, `created_at`, `updated_at`) VALUES (7, 'Jaime', 'Zemlak', NULL, 'g', '2000-12-20 18:13:19', '1979-05-02 08:04:24', 7, '2009-11-24 14:32:13', '2013-08-26 00:55:08');
INSERT INTO `employees` (`id`, `name`, `surname`, `patronymic`, `gender`, `birth_date`, `employment_date`, `branch_id`, `created_at`, `updated_at`) VALUES (8, 'Hilda', 'Ziemann', NULL, 'v', '2016-11-29 09:17:32', '1972-09-15 01:57:18', 1, '1989-05-01 05:27:10', '1979-10-12 06:55:52');
INSERT INTO `employees` (`id`, `name`, `surname`, `patronymic`, `gender`, `birth_date`, `employment_date`, `branch_id`, `created_at`, `updated_at`) VALUES (9, 'Yasmine', 'Kemmer', NULL, 'x', '1987-09-14 04:58:41', '1995-09-11 22:58:09', 2, '2008-10-16 23:35:34', '1988-12-10 16:06:20');
INSERT INTO `employees` (`id`, `name`, `surname`, `patronymic`, `gender`, `birth_date`, `employment_date`, `branch_id`, `created_at`, `updated_at`) VALUES (10, 'Alexa', 'Swaniawski', NULL, 'h', '1985-09-20 23:05:40', '1993-10-28 20:35:04', 3, '1979-03-11 04:14:32', '2014-11-14 02:42:32');
INSERT INTO `employees` (`id`, `name`, `surname`, `patronymic`, `gender`, `birth_date`, `employment_date`, `branch_id`, `created_at`, `updated_at`) VALUES (11, 'Grady', 'Boyle', NULL, 'x', '1981-10-07 10:23:02', '2016-04-14 13:19:10', 4, '1973-02-24 15:17:01', '1994-04-30 01:50:21');
INSERT INTO `employees` (`id`, `name`, `surname`, `patronymic`, `gender`, `birth_date`, `employment_date`, `branch_id`, `created_at`, `updated_at`) VALUES (12, 'Adela', 'Vandervort', NULL, 'b', '1974-12-02 10:05:14', '1976-05-02 14:55:02', 5, '2002-03-01 04:57:43', '1993-05-18 20:39:18');
INSERT INTO `employees` (`id`, `name`, `surname`, `patronymic`, `gender`, `birth_date`, `employment_date`, `branch_id`, `created_at`, `updated_at`) VALUES (13, 'Candace', 'Jakubowski', NULL, 'w', '2001-04-07 00:00:08', '1995-08-13 22:37:11', 6, '2014-07-17 00:34:32', '1980-04-25 07:39:24');
INSERT INTO `employees` (`id`, `name`, `surname`, `patronymic`, `gender`, `birth_date`, `employment_date`, `branch_id`, `created_at`, `updated_at`) VALUES (14, 'Dorian', 'Ziemann', NULL, 'x', '1998-11-01 08:09:55', '1991-10-26 10:01:13', 7, '1984-01-12 18:36:22', '1972-11-05 17:47:01');
INSERT INTO `employees` (`id`, `name`, `surname`, `patronymic`, `gender`, `birth_date`, `employment_date`, `branch_id`, `created_at`, `updated_at`) VALUES (15, 'Ulises', 'Collier', NULL, 'i', '2015-07-23 08:42:21', '1992-03-29 21:46:55', 1, '1995-08-30 07:59:33', '2010-12-19 22:02:21');
INSERT INTO `employees` (`id`, `name`, `surname`, `patronymic`, `gender`, `birth_date`, `employment_date`, `branch_id`, `created_at`, `updated_at`) VALUES (16, 'Hillard', 'Keebler', NULL, 'd', '2004-03-29 23:05:32', '1982-12-28 05:10:50', 2, '1975-07-12 07:06:48', '2006-03-30 16:06:32');
INSERT INTO `employees` (`id`, `name`, `surname`, `patronymic`, `gender`, `birth_date`, `employment_date`, `branch_id`, `created_at`, `updated_at`) VALUES (17, 'Janis', 'Cormier', NULL, 'p', '1988-09-02 10:08:24', '1976-12-03 19:11:16', 3, '2012-05-07 02:11:30', '1998-01-26 19:25:06');
INSERT INTO `employees` (`id`, `name`, `surname`, `patronymic`, `gender`, `birth_date`, `employment_date`, `branch_id`, `created_at`, `updated_at`) VALUES (18, 'Marian', 'Reichert', NULL, 'g', '1993-08-22 19:40:57', '2003-11-20 05:59:54', 4, '1978-11-07 15:01:27', '1990-10-05 17:04:25');
INSERT INTO `employees` (`id`, `name`, `surname`, `patronymic`, `gender`, `birth_date`, `employment_date`, `branch_id`, `created_at`, `updated_at`) VALUES (19, 'Noemie', 'Wisozk', NULL, 'd', '1992-09-06 06:33:09', '2019-03-25 11:09:49', 5, '1998-12-02 13:47:40', '1978-09-25 01:07:04');
INSERT INTO `employees` (`id`, `name`, `surname`, `patronymic`, `gender`, `birth_date`, `employment_date`, `branch_id`, `created_at`, `updated_at`) VALUES (20, 'Kari', 'Lindgren', NULL, 'y', '1975-02-05 02:39:43', '2000-03-09 22:29:18', 6, '1972-05-20 01:47:35', '1987-07-12 14:17:39');
INSERT INTO `employees` (`id`, `name`, `surname`, `patronymic`, `gender`, `birth_date`, `employment_date`, `branch_id`, `created_at`, `updated_at`) VALUES (21, 'Nickolas', 'Thompson', NULL, 't', '1988-02-29 12:03:40', '1977-07-23 12:01:05', 7, '1976-03-01 05:49:57', '1975-02-13 04:42:56');
INSERT INTO `employees` (`id`, `name`, `surname`, `patronymic`, `gender`, `birth_date`, `employment_date`, `branch_id`, `created_at`, `updated_at`) VALUES (22, 'Rupert', 'Reichert', NULL, 'z', '2015-01-14 18:11:12', '1986-03-01 00:20:47', 1, '1992-01-18 20:03:35', '1971-07-20 19:13:21');
INSERT INTO `employees` (`id`, `name`, `surname`, `patronymic`, `gender`, `birth_date`, `employment_date`, `branch_id`, `created_at`, `updated_at`) VALUES (23, 'Lexie', 'Hermiston', NULL, 'r', '1989-11-27 04:07:33', '2020-08-15 08:07:16', 2, '1978-02-06 02:50:23', '1970-03-13 01:49:57');
INSERT INTO `employees` (`id`, `name`, `surname`, `patronymic`, `gender`, `birth_date`, `employment_date`, `branch_id`, `created_at`, `updated_at`) VALUES (24, 'Esmeralda', 'Emard', NULL, 't', '1986-07-07 16:05:31', '2013-04-03 06:29:26', 3, '1971-08-05 00:36:43', '2016-02-09 00:12:25');
INSERT INTO `employees` (`id`, `name`, `surname`, `patronymic`, `gender`, `birth_date`, `employment_date`, `branch_id`, `created_at`, `updated_at`) VALUES (25, 'Queenie', 'Reynolds', NULL, 'p', '2008-06-18 12:03:04', '1972-11-27 06:48:41', 4, '2004-11-18 04:41:42', '2019-03-13 03:39:42');
INSERT INTO `employees` (`id`, `name`, `surname`, `patronymic`, `gender`, `birth_date`, `employment_date`, `branch_id`, `created_at`, `updated_at`) VALUES (26, 'Francisco', 'Medhurst', NULL, 'j', '2016-12-02 23:54:51', '1989-09-11 23:36:10', 5, '2004-11-09 00:05:14', '1981-02-27 17:34:26');
INSERT INTO `employees` (`id`, `name`, `surname`, `patronymic`, `gender`, `birth_date`, `employment_date`, `branch_id`, `created_at`, `updated_at`) VALUES (27, 'Gregoria', 'Rath', NULL, 'y', '2015-06-26 20:15:57', '1999-06-29 15:02:01', 6, '1989-01-14 09:31:18', '2003-10-17 23:59:10');
INSERT INTO `employees` (`id`, `name`, `surname`, `patronymic`, `gender`, `birth_date`, `employment_date`, `branch_id`, `created_at`, `updated_at`) VALUES (28, 'Vesta', 'Olson', NULL, 'm', '2021-05-14 09:10:22', '1972-04-21 20:26:23', 7, '2020-03-19 23:40:30', '1973-08-11 07:32:18');
INSERT INTO `employees` (`id`, `name`, `surname`, `patronymic`, `gender`, `birth_date`, `employment_date`, `branch_id`, `created_at`, `updated_at`) VALUES (29, 'Larry', 'McCullough', NULL, 'p', '1993-02-26 13:21:00', '1999-05-14 09:16:33', 1, '1988-09-13 17:52:45', '2009-11-05 11:10:51');
INSERT INTO `employees` (`id`, `name`, `surname`, `patronymic`, `gender`, `birth_date`, `employment_date`, `branch_id`, `created_at`, `updated_at`) VALUES (30, 'Ivy', 'Rempel', NULL, 'm', '1998-04-10 14:01:20', '1982-11-25 15:19:41', 2, '2015-08-23 17:38:57', '2017-03-30 21:13:58');
INSERT INTO `employees` (`id`, `name`, `surname`, `patronymic`, `gender`, `birth_date`, `employment_date`, `branch_id`, `created_at`, `updated_at`) VALUES (31, 'Nellie', 'Romaguera', NULL, 'f', '2019-09-30 02:11:23', '2008-02-11 13:18:47', 3, '1972-05-11 14:21:13', '2017-06-25 18:48:17');
INSERT INTO `employees` (`id`, `name`, `surname`, `patronymic`, `gender`, `birth_date`, `employment_date`, `branch_id`, `created_at`, `updated_at`) VALUES (32, 'Alexandria', 'Lang', NULL, 'v', '2014-10-14 19:48:37', '2011-11-16 07:26:07', 4, '2006-05-15 19:59:26', '2001-06-19 06:05:58');
INSERT INTO `employees` (`id`, `name`, `surname`, `patronymic`, `gender`, `birth_date`, `employment_date`, `branch_id`, `created_at`, `updated_at`) VALUES (33, 'Noemi', 'Ortiz', NULL, 'i', '1974-04-01 23:44:32', '2017-12-17 12:06:07', 5, '1985-05-11 22:48:43', '1984-04-06 22:57:09');
INSERT INTO `employees` (`id`, `name`, `surname`, `patronymic`, `gender`, `birth_date`, `employment_date`, `branch_id`, `created_at`, `updated_at`) VALUES (34, 'Domingo', 'Schamberger', NULL, 'r', '2015-02-13 05:02:49', '1983-06-03 00:12:44', 6, '1993-07-08 21:49:43', '1986-04-20 10:28:29');
INSERT INTO `employees` (`id`, `name`, `surname`, `patronymic`, `gender`, `birth_date`, `employment_date`, `branch_id`, `created_at`, `updated_at`) VALUES (35, 'Cali', 'Rempel', NULL, 'y', '1994-07-13 14:37:30', '2010-03-30 16:34:20', 7, '1989-02-19 18:53:24', '1994-09-21 12:59:06');
INSERT INTO `employees` (`id`, `name`, `surname`, `patronymic`, `gender`, `birth_date`, `employment_date`, `branch_id`, `created_at`, `updated_at`) VALUES (36, 'Tyrese', 'McCullough', NULL, 'x', '2004-06-15 22:03:27', '2007-06-19 01:59:42', 1, '2019-11-10 09:12:23', '2013-01-27 05:16:02');
INSERT INTO `employees` (`id`, `name`, `surname`, `patronymic`, `gender`, `birth_date`, `employment_date`, `branch_id`, `created_at`, `updated_at`) VALUES (37, 'Dell', 'Weissnat', NULL, 'k', '2008-02-12 06:38:39', '2008-02-21 10:39:18', 2, '1998-08-14 05:53:04', '1990-02-20 21:40:16');
INSERT INTO `employees` (`id`, `name`, `surname`, `patronymic`, `gender`, `birth_date`, `employment_date`, `branch_id`, `created_at`, `updated_at`) VALUES (38, 'Sunny', 'Wiza', NULL, 'a', '2004-04-28 14:02:12', '2001-06-18 23:44:09', 3, '1973-06-14 06:32:41', '1986-12-30 07:28:31');
INSERT INTO `employees` (`id`, `name`, `surname`, `patronymic`, `gender`, `birth_date`, `employment_date`, `branch_id`, `created_at`, `updated_at`) VALUES (39, 'Israel', 'Mills', NULL, 'l', '1985-02-06 05:53:40', '2010-11-04 21:13:58', 4, '2019-12-14 09:05:24', '1994-03-05 11:45:12');
INSERT INTO `employees` (`id`, `name`, `surname`, `patronymic`, `gender`, `birth_date`, `employment_date`, `branch_id`, `created_at`, `updated_at`) VALUES (40, 'Kaylee', 'Buckridge', NULL, 'i', '2001-10-30 02:42:27', '1995-07-27 12:08:54', 5, '1986-05-27 23:37:08', '1994-03-10 21:05:44');
INSERT INTO `employees` (`id`, `name`, `surname`, `patronymic`, `gender`, `birth_date`, `employment_date`, `branch_id`, `created_at`, `updated_at`) VALUES (41, 'Yolanda', 'Kovacek', NULL, 'w', '1996-03-07 15:24:12', '1976-02-20 19:38:39', 6, '1988-08-20 01:32:29', '2003-08-09 10:23:40');
INSERT INTO `employees` (`id`, `name`, `surname`, `patronymic`, `gender`, `birth_date`, `employment_date`, `branch_id`, `created_at`, `updated_at`) VALUES (42, 'Trace', 'Hammes', NULL, 'f', '1989-02-16 14:48:30', '2013-12-22 12:25:59', 7, '2011-03-07 23:28:10', '2010-05-23 15:27:53');
INSERT INTO `employees` (`id`, `name`, `surname`, `patronymic`, `gender`, `birth_date`, `employment_date`, `branch_id`, `created_at`, `updated_at`) VALUES (43, 'Jeffrey', 'Cormier', NULL, 'f', '2009-08-06 04:35:25', '1996-08-06 19:51:16', 1, '1979-12-04 02:32:00', '1988-04-19 04:51:32');
INSERT INTO `employees` (`id`, `name`, `surname`, `patronymic`, `gender`, `birth_date`, `employment_date`, `branch_id`, `created_at`, `updated_at`) VALUES (44, 'Brent', 'Mitchell', NULL, 'x', '1994-04-07 20:34:12', '2001-04-13 18:00:53', 2, '1999-05-05 11:51:13', '2020-07-29 22:06:59');
INSERT INTO `employees` (`id`, `name`, `surname`, `patronymic`, `gender`, `birth_date`, `employment_date`, `branch_id`, `created_at`, `updated_at`) VALUES (45, 'Kaycee', 'Mayer', NULL, 'j', '2000-10-29 03:43:09', '1994-01-17 15:41:57', 3, '1995-05-28 06:17:24', '1974-03-03 03:26:55');
INSERT INTO `employees` (`id`, `name`, `surname`, `patronymic`, `gender`, `birth_date`, `employment_date`, `branch_id`, `created_at`, `updated_at`) VALUES (46, 'Genoveva', 'Purdy', NULL, 'w', '1973-01-26 15:02:18', '2007-05-21 05:44:00', 4, '1976-06-10 06:36:33', '1984-12-26 04:11:44');
INSERT INTO `employees` (`id`, `name`, `surname`, `patronymic`, `gender`, `birth_date`, `employment_date`, `branch_id`, `created_at`, `updated_at`) VALUES (47, 'Kenny', 'Raynor', NULL, 'q', '1980-03-05 23:18:00', '1982-08-15 18:32:44', 5, '1970-11-14 00:46:33', '1972-10-15 07:06:10');
INSERT INTO `employees` (`id`, `name`, `surname`, `patronymic`, `gender`, `birth_date`, `employment_date`, `branch_id`, `created_at`, `updated_at`) VALUES (48, 'Pearline', 'Gutkowski', NULL, 'f', '2014-02-06 19:56:16', '1992-08-15 00:33:30', 6, '1981-07-15 14:31:55', '2018-10-09 16:45:27');
INSERT INTO `employees` (`id`, `name`, `surname`, `patronymic`, `gender`, `birth_date`, `employment_date`, `branch_id`, `created_at`, `updated_at`) VALUES (49, 'Shaun', 'Zieme', NULL, 'f', '1978-01-29 23:05:08', '1975-10-26 20:21:27', 7, '2001-10-21 06:35:33', '1971-03-15 09:20:12');
INSERT INTO `employees` (`id`, `name`, `surname`, `patronymic`, `gender`, `birth_date`, `employment_date`, `branch_id`, `created_at`, `updated_at`) VALUES (50, 'Roel', 'Zieme', NULL, 'm', '2012-08-28 08:44:58', '1996-11-16 03:16:04', 1, '1973-03-23 20:06:31', '2006-11-28 08:15:23');
INSERT INTO `employees` (`id`, `name`, `surname`, `patronymic`, `gender`, `birth_date`, `employment_date`, `branch_id`, `created_at`, `updated_at`) VALUES (51, 'Eddie', 'Renner', NULL, 'e', '2001-10-19 19:16:21', '2002-02-15 13:45:11', 2, '1999-06-27 03:17:59', '1999-06-04 03:52:06');
INSERT INTO `employees` (`id`, `name`, `surname`, `patronymic`, `gender`, `birth_date`, `employment_date`, `branch_id`, `created_at`, `updated_at`) VALUES (52, 'Sherman', 'Hansen', NULL, 'n', '1973-01-16 21:01:45', '1971-11-01 21:05:31', 3, '1979-01-24 23:26:59', '2015-02-24 17:09:08');
INSERT INTO `employees` (`id`, `name`, `surname`, `patronymic`, `gender`, `birth_date`, `employment_date`, `branch_id`, `created_at`, `updated_at`) VALUES (53, 'Zetta', 'Ziemann', NULL, 'y', '1986-11-18 03:08:35', '1971-05-24 06:14:45', 4, '1994-08-24 12:07:25', '1970-05-31 21:39:55');
INSERT INTO `employees` (`id`, `name`, `surname`, `patronymic`, `gender`, `birth_date`, `employment_date`, `branch_id`, `created_at`, `updated_at`) VALUES (54, 'Bradley', 'Erdman', NULL, 'j', '1979-02-20 22:24:08', '1985-04-13 11:48:26', 5, '1999-08-17 10:50:16', '1979-09-03 04:58:44');
INSERT INTO `employees` (`id`, `name`, `surname`, `patronymic`, `gender`, `birth_date`, `employment_date`, `branch_id`, `created_at`, `updated_at`) VALUES (55, 'Delilah', 'Klein', NULL, 'b', '1989-03-03 06:09:28', '1990-04-03 01:36:03', 6, '2003-06-17 06:55:23', '2006-09-11 12:50:16');
INSERT INTO `employees` (`id`, `name`, `surname`, `patronymic`, `gender`, `birth_date`, `employment_date`, `branch_id`, `created_at`, `updated_at`) VALUES (56, 'Evan', 'Lang', NULL, 'o', '1993-09-20 21:43:12', '2002-03-03 03:21:18', 7, '2007-08-19 18:09:33', '2011-09-05 08:52:54');
INSERT INTO `employees` (`id`, `name`, `surname`, `patronymic`, `gender`, `birth_date`, `employment_date`, `branch_id`, `created_at`, `updated_at`) VALUES (57, 'Edward', 'Paucek', NULL, 'j', '1983-02-17 14:14:07', '2004-09-17 06:16:06', 1, '2018-01-14 13:34:34', '1992-06-08 07:21:14');
INSERT INTO `employees` (`id`, `name`, `surname`, `patronymic`, `gender`, `birth_date`, `employment_date`, `branch_id`, `created_at`, `updated_at`) VALUES (58, 'Keeley', 'Hermann', NULL, 'e', '1973-06-19 15:13:38', '2005-11-21 07:04:58', 2, '1991-04-14 21:33:25', '1984-06-14 23:52:25');
INSERT INTO `employees` (`id`, `name`, `surname`, `patronymic`, `gender`, `birth_date`, `employment_date`, `branch_id`, `created_at`, `updated_at`) VALUES (59, 'Manuel', 'O\'Connell', NULL, 'q', '1998-03-23 11:50:13', '2007-06-12 07:54:11', 3, '1973-03-05 14:10:14', '2002-05-29 08:51:02');
INSERT INTO `employees` (`id`, `name`, `surname`, `patronymic`, `gender`, `birth_date`, `employment_date`, `branch_id`, `created_at`, `updated_at`) VALUES (60, 'Olin', 'Kulas', NULL, 'n', '1981-07-08 17:54:05', '1999-03-08 22:17:17', 4, '2017-05-26 14:09:05', '1977-05-31 10:45:55');
INSERT INTO `employees` (`id`, `name`, `surname`, `patronymic`, `gender`, `birth_date`, `employment_date`, `branch_id`, `created_at`, `updated_at`) VALUES (61, 'Lemuel', 'McLaughlin', NULL, 'z', '2002-10-11 01:08:39', '1983-12-17 05:06:15', 5, '2003-10-10 04:08:25', '1973-12-24 11:20:36');
INSERT INTO `employees` (`id`, `name`, `surname`, `patronymic`, `gender`, `birth_date`, `employment_date`, `branch_id`, `created_at`, `updated_at`) VALUES (62, 'Chaim', 'Sauer', NULL, 'o', '2002-01-09 13:10:50', '1997-04-04 20:15:44', 6, '2015-05-24 07:20:47', '1981-11-06 13:29:49');
INSERT INTO `employees` (`id`, `name`, `surname`, `patronymic`, `gender`, `birth_date`, `employment_date`, `branch_id`, `created_at`, `updated_at`) VALUES (63, 'Ona', 'Lang', NULL, 'c', '1973-02-16 17:48:09', '2017-05-08 14:13:40', 7, '2008-03-02 03:11:11', '1985-05-19 03:56:56');
INSERT INTO `employees` (`id`, `name`, `surname`, `patronymic`, `gender`, `birth_date`, `employment_date`, `branch_id`, `created_at`, `updated_at`) VALUES (64, 'Ansley', 'Ruecker', NULL, 'y', '2004-11-04 13:25:27', '2019-04-15 02:25:42', 1, '1990-08-12 12:39:35', '2011-10-08 17:24:45');
INSERT INTO `employees` (`id`, `name`, `surname`, `patronymic`, `gender`, `birth_date`, `employment_date`, `branch_id`, `created_at`, `updated_at`) VALUES (65, 'Brett', 'Christiansen', NULL, 'm', '1976-07-30 06:50:52', '1977-10-09 18:43:29', 2, '1976-03-07 23:48:33', '1984-12-28 05:18:59');
INSERT INTO `employees` (`id`, `name`, `surname`, `patronymic`, `gender`, `birth_date`, `employment_date`, `branch_id`, `created_at`, `updated_at`) VALUES (66, 'Viviane', 'Schowalter', NULL, 'b', '1999-06-13 13:51:44', '1978-09-22 23:29:19', 3, '2000-03-20 23:10:17', '2002-12-08 15:49:34');
INSERT INTO `employees` (`id`, `name`, `surname`, `patronymic`, `gender`, `birth_date`, `employment_date`, `branch_id`, `created_at`, `updated_at`) VALUES (67, 'Roscoe', 'Kunde', NULL, 'x', '1982-02-11 20:57:08', '2014-05-23 01:15:37', 4, '2007-10-31 15:10:17', '1998-02-28 20:46:10');
INSERT INTO `employees` (`id`, `name`, `surname`, `patronymic`, `gender`, `birth_date`, `employment_date`, `branch_id`, `created_at`, `updated_at`) VALUES (68, 'Colby', 'Green', NULL, 'b', '1998-08-17 11:25:23', '1991-03-10 00:27:32', 5, '1977-01-06 10:18:05', '1993-02-19 22:58:53');
INSERT INTO `employees` (`id`, `name`, `surname`, `patronymic`, `gender`, `birth_date`, `employment_date`, `branch_id`, `created_at`, `updated_at`) VALUES (69, 'Hardy', 'Pouros', NULL, 'e', '2006-04-12 13:32:00', '2010-10-15 21:12:00', 6, '2004-10-31 03:57:40', '1988-09-22 22:28:14');
INSERT INTO `employees` (`id`, `name`, `surname`, `patronymic`, `gender`, `birth_date`, `employment_date`, `branch_id`, `created_at`, `updated_at`) VALUES (70, 'Nestor', 'Roob', NULL, 'z', '2015-11-12 01:03:47', '1986-02-18 21:23:19', 7, '1986-10-14 07:37:53', '1980-07-15 10:44:51');
INSERT INTO `employees` (`id`, `name`, `surname`, `patronymic`, `gender`, `birth_date`, `employment_date`, `branch_id`, `created_at`, `updated_at`) VALUES (71, 'Horace', 'Hamill', NULL, 'l', '1972-11-13 23:39:13', '2007-05-30 03:28:48', 1, '1994-07-06 10:11:26', '2001-10-25 20:17:29');
INSERT INTO `employees` (`id`, `name`, `surname`, `patronymic`, `gender`, `birth_date`, `employment_date`, `branch_id`, `created_at`, `updated_at`) VALUES (72, 'Jordane', 'Bergstrom', NULL, 'o', '1996-02-19 13:07:52', '2010-07-24 23:42:41', 2, '1987-10-01 06:40:17', '2020-06-25 04:51:32');
INSERT INTO `employees` (`id`, `name`, `surname`, `patronymic`, `gender`, `birth_date`, `employment_date`, `branch_id`, `created_at`, `updated_at`) VALUES (73, 'Sallie', 'Windler', NULL, 'q', '2004-05-01 05:46:41', '1980-01-19 01:30:47', 3, '2009-09-06 14:23:28', '1990-07-28 18:42:46');
INSERT INTO `employees` (`id`, `name`, `surname`, `patronymic`, `gender`, `birth_date`, `employment_date`, `branch_id`, `created_at`, `updated_at`) VALUES (74, 'Alyce', 'Spencer', NULL, 'o', '2003-07-05 01:18:59', '2006-11-19 13:51:44', 4, '1999-09-09 00:44:34', '1998-05-14 08:58:26');
INSERT INTO `employees` (`id`, `name`, `surname`, `patronymic`, `gender`, `birth_date`, `employment_date`, `branch_id`, `created_at`, `updated_at`) VALUES (75, 'Emelie', 'Ruecker', NULL, 'j', '2012-09-25 19:10:21', '2019-10-14 20:55:37', 5, '2021-05-25 21:29:45', '1992-08-07 23:19:08');
INSERT INTO `employees` (`id`, `name`, `surname`, `patronymic`, `gender`, `birth_date`, `employment_date`, `branch_id`, `created_at`, `updated_at`) VALUES (76, 'Delaney', 'Ferry', NULL, 'c', '1973-04-18 16:25:48', '2002-11-22 06:51:04', 6, '1997-05-02 16:06:25', '2005-04-19 23:50:04');
INSERT INTO `employees` (`id`, `name`, `surname`, `patronymic`, `gender`, `birth_date`, `employment_date`, `branch_id`, `created_at`, `updated_at`) VALUES (77, 'Janiya', 'Romaguera', NULL, 'c', '1980-06-13 22:43:41', '2021-05-12 13:02:46', 7, '1972-01-29 05:24:51', '1999-09-24 01:49:14');
INSERT INTO `employees` (`id`, `name`, `surname`, `patronymic`, `gender`, `birth_date`, `employment_date`, `branch_id`, `created_at`, `updated_at`) VALUES (78, 'Aidan', 'Konopelski', NULL, 'b', '1975-10-01 00:19:28', '2000-12-27 16:19:30', 1, '1989-07-28 07:49:39', '1985-08-26 06:27:20');
INSERT INTO `employees` (`id`, `name`, `surname`, `patronymic`, `gender`, `birth_date`, `employment_date`, `branch_id`, `created_at`, `updated_at`) VALUES (79, 'Glennie', 'Hammes', NULL, 'f', '1988-10-15 23:58:51', '2015-07-15 21:35:10', 2, '2011-11-29 23:33:02', '2012-08-13 23:40:18');
INSERT INTO `employees` (`id`, `name`, `surname`, `patronymic`, `gender`, `birth_date`, `employment_date`, `branch_id`, `created_at`, `updated_at`) VALUES (80, 'Verda', 'Dibbert', NULL, 'y', '1980-07-18 00:38:04', '2005-06-06 19:59:01', 3, '1987-07-30 02:50:26', '2010-06-15 18:35:25');
INSERT INTO `employees` (`id`, `name`, `surname`, `patronymic`, `gender`, `birth_date`, `employment_date`, `branch_id`, `created_at`, `updated_at`) VALUES (81, 'Consuelo', 'Monahan', NULL, 'q', '2004-04-21 10:13:02', '1982-03-15 11:04:48', 4, '1993-03-08 20:42:54', '1975-04-23 02:09:53');
INSERT INTO `employees` (`id`, `name`, `surname`, `patronymic`, `gender`, `birth_date`, `employment_date`, `branch_id`, `created_at`, `updated_at`) VALUES (82, 'Zoie', 'Gibson', NULL, 'i', '1986-07-05 20:13:34', '2016-10-06 19:19:09', 5, '2016-06-22 00:25:06', '1986-09-30 11:08:28');
INSERT INTO `employees` (`id`, `name`, `surname`, `patronymic`, `gender`, `birth_date`, `employment_date`, `branch_id`, `created_at`, `updated_at`) VALUES (83, 'Kip', 'Strosin', NULL, 'u', '2016-08-30 09:46:26', '1995-11-10 22:09:01', 6, '1986-08-02 09:34:10', '1974-02-11 06:50:34');
INSERT INTO `employees` (`id`, `name`, `surname`, `patronymic`, `gender`, `birth_date`, `employment_date`, `branch_id`, `created_at`, `updated_at`) VALUES (84, 'Elsie', 'Sipes', NULL, 's', '1982-11-06 04:45:58', '2003-07-09 04:51:12', 7, '1993-07-31 05:17:26', '1981-10-26 01:18:46');
INSERT INTO `employees` (`id`, `name`, `surname`, `patronymic`, `gender`, `birth_date`, `employment_date`, `branch_id`, `created_at`, `updated_at`) VALUES (85, 'Katelynn', 'McClure', NULL, 'r', '2006-11-24 21:58:04', '2014-07-20 10:28:05', 1, '2009-05-25 13:44:28', '1998-11-09 23:02:36');
INSERT INTO `employees` (`id`, `name`, `surname`, `patronymic`, `gender`, `birth_date`, `employment_date`, `branch_id`, `created_at`, `updated_at`) VALUES (86, 'Jasper', 'Bernier', NULL, 't', '1987-07-20 15:15:57', '2008-08-14 21:16:42', 2, '1970-02-26 08:10:20', '1981-10-05 10:21:17');
INSERT INTO `employees` (`id`, `name`, `surname`, `patronymic`, `gender`, `birth_date`, `employment_date`, `branch_id`, `created_at`, `updated_at`) VALUES (87, 'Bette', 'Moore', NULL, 'b', '2006-01-03 19:39:27', '1981-07-23 19:03:57', 3, '1980-03-01 23:14:53', '1971-05-13 06:56:46');
INSERT INTO `employees` (`id`, `name`, `surname`, `patronymic`, `gender`, `birth_date`, `employment_date`, `branch_id`, `created_at`, `updated_at`) VALUES (88, 'Tremaine', 'Hirthe', NULL, 'i', '1975-10-01 07:36:47', '2003-09-26 20:07:20', 4, '1994-09-02 16:28:54', '2009-03-12 15:45:44');
INSERT INTO `employees` (`id`, `name`, `surname`, `patronymic`, `gender`, `birth_date`, `employment_date`, `branch_id`, `created_at`, `updated_at`) VALUES (89, 'Kasandra', 'Heaney', NULL, 'g', '1973-01-29 22:39:22', '1997-10-07 22:18:26', 5, '1988-01-31 18:51:52', '1987-06-30 17:28:36');
INSERT INTO `employees` (`id`, `name`, `surname`, `patronymic`, `gender`, `birth_date`, `employment_date`, `branch_id`, `created_at`, `updated_at`) VALUES (90, 'Leopold', 'Denesik', NULL, 'w', '1984-12-28 06:50:25', '1977-12-30 15:57:26', 6, '2014-02-16 09:03:29', '2008-03-22 23:29:07');
INSERT INTO `employees` (`id`, `name`, `surname`, `patronymic`, `gender`, `birth_date`, `employment_date`, `branch_id`, `created_at`, `updated_at`) VALUES (91, 'Elmo', 'Schinner', NULL, 'c', '1977-03-08 23:21:08', '1988-08-07 01:38:18', 7, '2009-12-11 14:11:46', '1977-07-19 21:04:51');
INSERT INTO `employees` (`id`, `name`, `surname`, `patronymic`, `gender`, `birth_date`, `employment_date`, `branch_id`, `created_at`, `updated_at`) VALUES (92, 'Nils', 'Predovic', NULL, 'p', '1995-05-13 02:29:06', '1993-04-27 07:21:07', 1, '1979-08-23 11:06:51', '1984-10-27 22:16:52');
INSERT INTO `employees` (`id`, `name`, `surname`, `patronymic`, `gender`, `birth_date`, `employment_date`, `branch_id`, `created_at`, `updated_at`) VALUES (93, 'Isidro', 'Rutherford', NULL, 'c', '1995-01-01 15:00:05', '2017-05-17 03:27:00', 2, '1977-09-29 23:09:25', '1977-02-28 07:42:36');
INSERT INTO `employees` (`id`, `name`, `surname`, `patronymic`, `gender`, `birth_date`, `employment_date`, `branch_id`, `created_at`, `updated_at`) VALUES (94, 'Ashtyn', 'Lindgren', NULL, 'i', '2015-01-09 09:15:53', '2010-01-27 11:53:27', 3, '1974-05-22 10:55:00', '2019-12-24 08:40:10');
INSERT INTO `employees` (`id`, `name`, `surname`, `patronymic`, `gender`, `birth_date`, `employment_date`, `branch_id`, `created_at`, `updated_at`) VALUES (95, 'Vern', 'Cremin', NULL, 'y', '1991-10-06 11:35:42', '1986-09-09 13:24:21', 4, '2018-06-13 01:43:32', '1994-12-04 14:16:03');
INSERT INTO `employees` (`id`, `name`, `surname`, `patronymic`, `gender`, `birth_date`, `employment_date`, `branch_id`, `created_at`, `updated_at`) VALUES (96, 'Valentina', 'Emmerich', NULL, 'o', '2014-02-06 08:37:05', '2018-01-19 08:04:34', 5, '1978-12-21 19:37:50', '1974-03-13 14:38:58');
INSERT INTO `employees` (`id`, `name`, `surname`, `patronymic`, `gender`, `birth_date`, `employment_date`, `branch_id`, `created_at`, `updated_at`) VALUES (97, 'Toney', 'Christiansen', NULL, 'k', '1975-07-07 09:21:59', '2007-12-05 21:24:21', 6, '2016-04-04 16:15:26', '1993-01-04 23:44:32');
INSERT INTO `employees` (`id`, `name`, `surname`, `patronymic`, `gender`, `birth_date`, `employment_date`, `branch_id`, `created_at`, `updated_at`) VALUES (98, 'Ulices', 'Schneider', NULL, 'i', '1983-09-10 16:49:05', '1984-05-13 12:10:18', 7, '2019-12-28 20:56:11', '1978-11-06 09:07:03');
INSERT INTO `employees` (`id`, `name`, `surname`, `patronymic`, `gender`, `birth_date`, `employment_date`, `branch_id`, `created_at`, `updated_at`) VALUES (99, 'Vance', 'Shanahan', NULL, 'r', '2009-08-07 01:14:37', '1996-03-23 14:39:34', 1, '2020-04-27 07:18:16', '1975-06-23 16:25:45');
INSERT INTO `employees` (`id`, `name`, `surname`, `patronymic`, `gender`, `birth_date`, `employment_date`, `branch_id`, `created_at`, `updated_at`) VALUES (100, 'Mara', 'Hackett', NULL, 'p', '1991-09-14 16:02:26', '2008-06-12 18:16:55', 2, '2011-07-14 23:07:32', '1990-11-15 23:07:00');
INSERT INTO `employees` (`id`, `name`, `surname`, `patronymic`, `gender`, `birth_date`, `employment_date`, `branch_id`, `created_at`, `updated_at`) VALUES (101, 'Cameron', 'O\'Hara', NULL, 'q', '1998-02-16 16:25:53', '1995-07-09 11:14:08', 3, '1989-05-20 17:21:47', '2012-05-30 14:35:30');
INSERT INTO `employees` (`id`, `name`, `surname`, `patronymic`, `gender`, `birth_date`, `employment_date`, `branch_id`, `created_at`, `updated_at`) VALUES (102, 'Ron', 'DuBuque', NULL, 'l', '2010-12-30 13:38:51', '1988-05-02 11:20:24', 4, '2002-01-23 07:43:26', '1991-12-20 11:34:24');
INSERT INTO `employees` (`id`, `name`, `surname`, `patronymic`, `gender`, `birth_date`, `employment_date`, `branch_id`, `created_at`, `updated_at`) VALUES (103, 'Kaden', 'Buckridge', NULL, 'a', '1991-07-03 07:44:22', '2004-01-08 14:33:59', 5, '2005-10-15 23:13:04', '1992-02-21 14:10:34');
INSERT INTO `employees` (`id`, `name`, `surname`, `patronymic`, `gender`, `birth_date`, `employment_date`, `branch_id`, `created_at`, `updated_at`) VALUES (104, 'Jon', 'Davis', NULL, 'j', '1971-11-06 07:20:32', '1983-11-06 14:20:37', 6, '1980-09-27 04:50:08', '2010-11-30 04:09:44');
INSERT INTO `employees` (`id`, `name`, `surname`, `patronymic`, `gender`, `birth_date`, `employment_date`, `branch_id`, `created_at`, `updated_at`) VALUES (105, 'Kieran', 'Morar', NULL, 'r', '2007-04-03 06:43:28', '2020-03-29 08:25:21', 7, '1977-10-02 18:33:32', '1984-02-11 03:18:27');
INSERT INTO `employees` (`id`, `name`, `surname`, `patronymic`, `gender`, `birth_date`, `employment_date`, `branch_id`, `created_at`, `updated_at`) VALUES (106, 'Isobel', 'Lang', NULL, 'w', '1992-11-02 15:18:49', '2006-01-27 17:51:43', 1, '1986-11-19 19:37:21', '2008-07-02 15:46:07');
INSERT INTO `employees` (`id`, `name`, `surname`, `patronymic`, `gender`, `birth_date`, `employment_date`, `branch_id`, `created_at`, `updated_at`) VALUES (107, 'Kareem', 'Walter', NULL, 'y', '1997-10-09 08:11:48', '1977-01-22 20:07:00', 2, '2017-08-12 22:13:23', '2004-05-25 00:48:14');
INSERT INTO `employees` (`id`, `name`, `surname`, `patronymic`, `gender`, `birth_date`, `employment_date`, `branch_id`, `created_at`, `updated_at`) VALUES (108, 'Ariane', 'Carroll', NULL, 'i', '2007-01-04 20:42:29', '1999-08-25 14:45:35', 3, '1974-11-21 21:22:44', '1990-07-01 03:33:24');
INSERT INTO `employees` (`id`, `name`, `surname`, `patronymic`, `gender`, `birth_date`, `employment_date`, `branch_id`, `created_at`, `updated_at`) VALUES (109, 'Khalid', 'Stracke', NULL, 'h', '1994-03-23 14:40:53', '1996-04-29 07:16:32', 4, '1999-11-21 01:54:19', '2012-01-15 20:26:34');
INSERT INTO `employees` (`id`, `name`, `surname`, `patronymic`, `gender`, `birth_date`, `employment_date`, `branch_id`, `created_at`, `updated_at`) VALUES (110, 'Johnnie', 'Schuster', NULL, 'q', '1981-11-14 20:16:43', '2011-11-10 06:54:54', 5, '1974-11-08 23:10:05', '1974-05-21 06:40:36');
INSERT INTO `employees` (`id`, `name`, `surname`, `patronymic`, `gender`, `birth_date`, `employment_date`, `branch_id`, `created_at`, `updated_at`) VALUES (111, 'Hilda', 'Johnson', NULL, 'c', '1973-01-07 00:44:41', '2017-09-17 11:07:40', 6, '2020-08-04 18:06:05', '2007-12-14 13:02:54');
INSERT INTO `employees` (`id`, `name`, `surname`, `patronymic`, `gender`, `birth_date`, `employment_date`, `branch_id`, `created_at`, `updated_at`) VALUES (112, 'Amira', 'McGlynn', NULL, 'p', '2003-12-01 14:14:31', '1977-06-08 19:55:35', 7, '1972-09-03 00:50:06', '1972-10-13 20:37:11');
INSERT INTO `employees` (`id`, `name`, `surname`, `patronymic`, `gender`, `birth_date`, `employment_date`, `branch_id`, `created_at`, `updated_at`) VALUES (113, 'Genoveva', 'Swaniawski', NULL, 'a', '2012-01-30 17:17:47', '2008-09-30 17:39:12', 1, '2015-10-17 21:09:21', '2000-12-19 22:37:26');
INSERT INTO `employees` (`id`, `name`, `surname`, `patronymic`, `gender`, `birth_date`, `employment_date`, `branch_id`, `created_at`, `updated_at`) VALUES (114, 'Alison', 'Schaden', NULL, 'm', '1972-12-09 10:50:50', '1999-04-20 19:22:08', 2, '1971-08-03 16:46:54', '2014-03-22 13:13:23');
INSERT INTO `employees` (`id`, `name`, `surname`, `patronymic`, `gender`, `birth_date`, `employment_date`, `branch_id`, `created_at`, `updated_at`) VALUES (115, 'Rubye', 'Ward', NULL, 'h', '1992-11-13 14:57:14', '1982-10-02 20:21:41', 3, '1979-03-09 19:31:07', '1980-06-08 15:05:58');
INSERT INTO `employees` (`id`, `name`, `surname`, `patronymic`, `gender`, `birth_date`, `employment_date`, `branch_id`, `created_at`, `updated_at`) VALUES (116, 'Jasmin', 'Bins', NULL, 'p', '2006-03-14 11:15:24', '1994-05-05 01:33:49', 4, '1983-08-13 00:47:49', '2016-06-26 03:49:40');
INSERT INTO `employees` (`id`, `name`, `surname`, `patronymic`, `gender`, `birth_date`, `employment_date`, `branch_id`, `created_at`, `updated_at`) VALUES (117, 'Kirsten', 'Rolfson', NULL, 'e', '1981-10-27 09:32:20', '1971-07-22 14:37:45', 5, '1970-08-10 21:04:00', '1975-12-11 06:23:27');
INSERT INTO `employees` (`id`, `name`, `surname`, `patronymic`, `gender`, `birth_date`, `employment_date`, `branch_id`, `created_at`, `updated_at`) VALUES (118, 'Shanelle', 'Sanford', NULL, 's', '2020-12-01 02:19:07', '1970-08-04 05:17:56', 6, '2019-05-23 10:51:45', '1992-01-25 20:50:06');
INSERT INTO `employees` (`id`, `name`, `surname`, `patronymic`, `gender`, `birth_date`, `employment_date`, `branch_id`, `created_at`, `updated_at`) VALUES (119, 'Princess', 'Conn', NULL, 'z', '2018-06-07 09:54:09', '1978-10-03 13:03:40', 7, '1984-02-05 07:51:38', '1986-06-23 02:41:28');
INSERT INTO `employees` (`id`, `name`, `surname`, `patronymic`, `gender`, `birth_date`, `employment_date`, `branch_id`, `created_at`, `updated_at`) VALUES (120, 'Frederique', 'Aufderhar', NULL, 'r', '1995-08-26 03:46:53', '1982-08-30 10:10:06', 1, '2005-09-27 14:32:55', '1982-03-20 11:20:50');
INSERT INTO `employees` (`id`, `name`, `surname`, `patronymic`, `gender`, `birth_date`, `employment_date`, `branch_id`, `created_at`, `updated_at`) VALUES (121, 'Paula', 'Wisoky', NULL, 'j', '2008-07-22 17:07:17', '2000-10-31 10:50:26', 2, '1993-07-20 09:04:56', '1980-03-11 16:40:33');
INSERT INTO `employees` (`id`, `name`, `surname`, `patronymic`, `gender`, `birth_date`, `employment_date`, `branch_id`, `created_at`, `updated_at`) VALUES (122, 'Lottie', 'Hyatt', NULL, 'o', '2010-07-09 11:29:36', '1993-09-04 16:53:04', 3, '1993-03-18 19:12:07', '1997-10-21 21:30:37');
INSERT INTO `employees` (`id`, `name`, `surname`, `patronymic`, `gender`, `birth_date`, `employment_date`, `branch_id`, `created_at`, `updated_at`) VALUES (123, 'Bernadine', 'Prosacco', NULL, 'e', '1975-09-19 13:56:05', '1997-02-08 19:58:55', 4, '1991-06-21 02:35:10', '2020-03-15 15:45:11');
INSERT INTO `employees` (`id`, `name`, `surname`, `patronymic`, `gender`, `birth_date`, `employment_date`, `branch_id`, `created_at`, `updated_at`) VALUES (124, 'Jaylon', 'Kunde', NULL, 'x', '1989-03-20 09:22:20', '1997-01-15 23:06:18', 5, '2013-08-20 05:02:01', '1971-08-30 12:32:16');
INSERT INTO `employees` (`id`, `name`, `surname`, `patronymic`, `gender`, `birth_date`, `employment_date`, `branch_id`, `created_at`, `updated_at`) VALUES (125, 'Sydni', 'Franecki', NULL, 'y', '1980-05-24 12:44:44', '1970-10-16 20:29:51', 6, '2018-10-06 14:11:08', '2019-01-20 17:27:07');
INSERT INTO `employees` (`id`, `name`, `surname`, `patronymic`, `gender`, `birth_date`, `employment_date`, `branch_id`, `created_at`, `updated_at`) VALUES (126, 'Mia', 'Cole', NULL, 'o', '1977-06-09 12:24:34', '1971-06-28 13:47:57', 7, '1984-03-23 07:29:16', '2017-02-17 22:00:45');
INSERT INTO `employees` (`id`, `name`, `surname`, `patronymic`, `gender`, `birth_date`, `employment_date`, `branch_id`, `created_at`, `updated_at`) VALUES (127, 'Antonetta', 'Gorczany', NULL, 't', '2008-01-23 15:29:44', '1978-01-26 08:30:30', 1, '2016-07-17 11:48:46', '1996-05-16 16:34:03');
INSERT INTO `employees` (`id`, `name`, `surname`, `patronymic`, `gender`, `birth_date`, `employment_date`, `branch_id`, `created_at`, `updated_at`) VALUES (128, 'Daniela', 'Balistreri', NULL, 'o', '1977-02-21 10:52:45', '2020-08-07 15:11:11', 2, '2020-02-07 13:09:46', '1986-11-01 20:48:03');
INSERT INTO `employees` (`id`, `name`, `surname`, `patronymic`, `gender`, `birth_date`, `employment_date`, `branch_id`, `created_at`, `updated_at`) VALUES (129, 'Alisa', 'Waelchi', NULL, 'w', '2010-10-21 11:38:35', '1989-07-03 13:53:11', 3, '1997-08-20 19:24:27', '1994-02-27 12:57:39');
INSERT INTO `employees` (`id`, `name`, `surname`, `patronymic`, `gender`, `birth_date`, `employment_date`, `branch_id`, `created_at`, `updated_at`) VALUES (130, 'Greta', 'Hills', NULL, 'j', '2009-04-12 17:49:13', '1999-12-13 07:33:48', 4, '1985-12-21 18:00:40', '2013-08-27 21:04:14');
INSERT INTO `employees` (`id`, `name`, `surname`, `patronymic`, `gender`, `birth_date`, `employment_date`, `branch_id`, `created_at`, `updated_at`) VALUES (131, 'Summer', 'Rosenbaum', NULL, 'i', '2007-04-15 01:29:37', '1976-08-16 22:58:29', 5, '1994-01-23 20:10:33', '2019-10-11 02:44:57');
INSERT INTO `employees` (`id`, `name`, `surname`, `patronymic`, `gender`, `birth_date`, `employment_date`, `branch_id`, `created_at`, `updated_at`) VALUES (132, 'Pamela', 'Waters', NULL, 'l', '2006-12-11 04:59:49', '1986-03-22 08:05:23', 6, '1985-05-31 16:47:46', '1997-09-23 11:50:51');
INSERT INTO `employees` (`id`, `name`, `surname`, `patronymic`, `gender`, `birth_date`, `employment_date`, `branch_id`, `created_at`, `updated_at`) VALUES (133, 'Nikko', 'Luettgen', NULL, 't', '1995-10-10 18:30:29', '1995-01-26 04:34:27', 7, '1996-12-23 08:13:10', '2012-03-05 14:32:51');
INSERT INTO `employees` (`id`, `name`, `surname`, `patronymic`, `gender`, `birth_date`, `employment_date`, `branch_id`, `created_at`, `updated_at`) VALUES (134, 'Sterling', 'Schiller', NULL, 't', '2017-09-10 20:26:13', '1971-02-01 08:20:08', 1, '1982-05-15 21:47:59', '2017-09-04 20:54:16');
INSERT INTO `employees` (`id`, `name`, `surname`, `patronymic`, `gender`, `birth_date`, `employment_date`, `branch_id`, `created_at`, `updated_at`) VALUES (135, 'Laurel', 'Macejkovic', NULL, 'p', '2018-03-23 19:58:19', '1997-12-13 21:00:20', 2, '2002-10-26 13:16:37', '2020-04-24 18:02:33');
INSERT INTO `employees` (`id`, `name`, `surname`, `patronymic`, `gender`, `birth_date`, `employment_date`, `branch_id`, `created_at`, `updated_at`) VALUES (136, 'Annamae', 'Mosciski', NULL, 'x', '1997-07-17 21:25:35', '2018-02-07 17:48:58', 3, '1994-12-02 14:10:16', '2008-11-12 06:06:55');
INSERT INTO `employees` (`id`, `name`, `surname`, `patronymic`, `gender`, `birth_date`, `employment_date`, `branch_id`, `created_at`, `updated_at`) VALUES (137, 'Kamren', 'Oberbrunner', NULL, 'f', '2000-10-02 20:04:30', '1973-08-10 15:01:33', 4, '2010-07-11 01:35:13', '1979-01-01 00:20:34');
INSERT INTO `employees` (`id`, `name`, `surname`, `patronymic`, `gender`, `birth_date`, `employment_date`, `branch_id`, `created_at`, `updated_at`) VALUES (138, 'Sigmund', 'Considine', NULL, 'm', '2013-01-18 21:11:19', '2005-11-02 10:11:19', 5, '1993-02-22 09:59:47', '1993-12-18 05:58:00');
INSERT INTO `employees` (`id`, `name`, `surname`, `patronymic`, `gender`, `birth_date`, `employment_date`, `branch_id`, `created_at`, `updated_at`) VALUES (139, 'Lorena', 'Schroeder', NULL, 'o', '1970-04-30 07:38:53', '2002-04-08 10:05:43', 6, '1984-02-12 12:21:46', '2003-03-26 06:10:18');
INSERT INTO `employees` (`id`, `name`, `surname`, `patronymic`, `gender`, `birth_date`, `employment_date`, `branch_id`, `created_at`, `updated_at`) VALUES (140, 'Flavio', 'Kulas', NULL, 'l', '1993-05-30 19:47:39', '1989-01-11 23:06:01', 7, '1976-09-29 18:56:23', '1974-05-30 08:06:28');
INSERT INTO `employees` (`id`, `name`, `surname`, `patronymic`, `gender`, `birth_date`, `employment_date`, `branch_id`, `created_at`, `updated_at`) VALUES (141, 'Tracey', 'Crist', NULL, 'f', '2021-01-22 08:21:32', '1994-04-18 14:12:22', 1, '1973-02-18 00:08:47', '1984-04-27 15:46:25');
INSERT INTO `employees` (`id`, `name`, `surname`, `patronymic`, `gender`, `birth_date`, `employment_date`, `branch_id`, `created_at`, `updated_at`) VALUES (142, 'Leslie', 'Okuneva', NULL, 'i', '1974-06-30 21:33:00', '1973-06-16 22:07:02', 2, '2021-03-14 06:54:06', '2007-10-22 00:21:25');
INSERT INTO `employees` (`id`, `name`, `surname`, `patronymic`, `gender`, `birth_date`, `employment_date`, `branch_id`, `created_at`, `updated_at`) VALUES (143, 'Ana', 'Yost', NULL, 's', '1992-12-24 07:04:23', '1987-07-22 20:23:35', 3, '1991-01-06 12:04:47', '1980-04-17 20:37:49');
INSERT INTO `employees` (`id`, `name`, `surname`, `patronymic`, `gender`, `birth_date`, `employment_date`, `branch_id`, `created_at`, `updated_at`) VALUES (144, 'Sydnee', 'Littel', NULL, 'e', '1984-11-11 22:28:10', '2011-07-21 20:56:40', 4, '1977-03-25 19:15:13', '2007-04-05 05:39:21');
INSERT INTO `employees` (`id`, `name`, `surname`, `patronymic`, `gender`, `birth_date`, `employment_date`, `branch_id`, `created_at`, `updated_at`) VALUES (145, 'Green', 'Osinski', NULL, 'm', '2007-08-28 08:44:04', '2009-06-19 15:33:15', 5, '2020-06-14 19:45:10', '1976-02-16 15:58:42');
INSERT INTO `employees` (`id`, `name`, `surname`, `patronymic`, `gender`, `birth_date`, `employment_date`, `branch_id`, `created_at`, `updated_at`) VALUES (146, 'Shea', 'D\'Amore', NULL, 'i', '2012-04-02 22:27:39', '2014-12-22 16:02:58', 6, '1974-11-16 12:45:13', '1972-11-11 12:13:35');
INSERT INTO `employees` (`id`, `name`, `surname`, `patronymic`, `gender`, `birth_date`, `employment_date`, `branch_id`, `created_at`, `updated_at`) VALUES (147, 'Jalyn', 'Corwin', NULL, 'c', '1973-11-16 08:33:18', '1988-05-29 02:49:06', 7, '2001-03-27 20:36:30', '2005-01-17 15:27:31');
INSERT INTO `employees` (`id`, `name`, `surname`, `patronymic`, `gender`, `birth_date`, `employment_date`, `branch_id`, `created_at`, `updated_at`) VALUES (148, 'Salma', 'Ward', NULL, 'f', '1984-05-05 04:25:51', '1994-05-02 07:38:33', 1, '1977-06-20 11:39:28', '1998-03-11 14:20:47');
INSERT INTO `employees` (`id`, `name`, `surname`, `patronymic`, `gender`, `birth_date`, `employment_date`, `branch_id`, `created_at`, `updated_at`) VALUES (149, 'Buck', 'Considine', NULL, 'j', '1996-03-24 15:56:17', '1973-10-15 01:29:05', 2, '1983-11-25 19:53:52', '1977-12-24 21:38:36');
INSERT INTO `employees` (`id`, `name`, `surname`, `patronymic`, `gender`, `birth_date`, `employment_date`, `branch_id`, `created_at`, `updated_at`) VALUES (150, 'Domingo', 'Collier', NULL, 'k', '1981-08-03 01:21:55', '1988-05-08 12:14:55', 3, '1985-05-12 21:25:01', '2013-12-02 16:31:44');
INSERT INTO `employees` (`id`, `name`, `surname`, `patronymic`, `gender`, `birth_date`, `employment_date`, `branch_id`, `created_at`, `updated_at`) VALUES (151, 'Erick', 'Collins', NULL, 'n', '2010-05-14 09:48:24', '1983-12-22 18:41:09', 4, '2014-06-29 11:45:02', '1995-02-26 06:35:57');
INSERT INTO `employees` (`id`, `name`, `surname`, `patronymic`, `gender`, `birth_date`, `employment_date`, `branch_id`, `created_at`, `updated_at`) VALUES (152, 'Evan', 'O\'Connell', NULL, 'w', '2019-11-08 07:36:28', '1995-07-07 11:45:51', 5, '2004-06-24 11:42:08', '1984-12-01 01:41:47');
INSERT INTO `employees` (`id`, `name`, `surname`, `patronymic`, `gender`, `birth_date`, `employment_date`, `branch_id`, `created_at`, `updated_at`) VALUES (153, 'Beryl', 'King', NULL, 'q', '1990-05-21 10:02:56', '1999-09-21 00:09:06', 6, '1985-08-05 23:42:00', '1985-12-05 08:18:40');
INSERT INTO `employees` (`id`, `name`, `surname`, `patronymic`, `gender`, `birth_date`, `employment_date`, `branch_id`, `created_at`, `updated_at`) VALUES (154, 'Paris', 'Brekke', NULL, 'b', '1985-04-26 17:34:59', '2018-02-03 21:19:45', 7, '1999-03-04 09:15:17', '1984-03-03 11:35:56');
INSERT INTO `employees` (`id`, `name`, `surname`, `patronymic`, `gender`, `birth_date`, `employment_date`, `branch_id`, `created_at`, `updated_at`) VALUES (155, 'Mohamed', 'Murphy', NULL, 'h', '1989-05-25 11:01:49', '1995-04-14 09:22:29', 1, '1979-09-24 19:28:56', '2018-02-04 03:57:35');
INSERT INTO `employees` (`id`, `name`, `surname`, `patronymic`, `gender`, `birth_date`, `employment_date`, `branch_id`, `created_at`, `updated_at`) VALUES (156, 'Brad', 'Hayes', NULL, 'c', '1997-04-11 07:38:08', '2000-09-05 04:42:58', 2, '1992-12-13 23:57:52', '1987-12-25 04:16:53');
INSERT INTO `employees` (`id`, `name`, `surname`, `patronymic`, `gender`, `birth_date`, `employment_date`, `branch_id`, `created_at`, `updated_at`) VALUES (157, 'Olin', 'West', NULL, 'l', '2019-07-09 02:34:38', '2018-05-23 16:50:49', 3, '1998-11-26 20:36:32', '1975-05-31 13:23:59');
INSERT INTO `employees` (`id`, `name`, `surname`, `patronymic`, `gender`, `birth_date`, `employment_date`, `branch_id`, `created_at`, `updated_at`) VALUES (158, 'Bulah', 'Yundt', NULL, 'j', '2003-11-06 18:10:49', '1980-11-15 08:46:52', 4, '2006-03-13 23:56:42', '1987-07-08 05:03:00');
INSERT INTO `employees` (`id`, `name`, `surname`, `patronymic`, `gender`, `birth_date`, `employment_date`, `branch_id`, `created_at`, `updated_at`) VALUES (159, 'Donato', 'Towne', NULL, 'r', '1997-12-27 10:31:24', '1985-08-22 20:52:44', 5, '2001-05-30 16:40:40', '1985-12-26 03:26:49');
INSERT INTO `employees` (`id`, `name`, `surname`, `patronymic`, `gender`, `birth_date`, `employment_date`, `branch_id`, `created_at`, `updated_at`) VALUES (160, 'Brandy', 'Schmeler', NULL, 'v', '1971-02-12 09:07:11', '2020-02-09 19:22:04', 6, '2009-08-29 11:59:46', '1993-08-20 16:06:17');
INSERT INTO `employees` (`id`, `name`, `surname`, `patronymic`, `gender`, `birth_date`, `employment_date`, `branch_id`, `created_at`, `updated_at`) VALUES (161, 'Wilfred', 'Nicolas', NULL, 'c', '1977-11-21 02:47:40', '1987-02-10 07:03:18', 7, '1994-11-19 22:07:01', '2012-06-18 12:54:30');
INSERT INTO `employees` (`id`, `name`, `surname`, `patronymic`, `gender`, `birth_date`, `employment_date`, `branch_id`, `created_at`, `updated_at`) VALUES (162, 'Breanna', 'Streich', NULL, 'g', '2017-03-21 19:30:26', '2008-03-16 01:06:00', 1, '2011-08-19 04:57:38', '1977-02-21 23:10:14');
INSERT INTO `employees` (`id`, `name`, `surname`, `patronymic`, `gender`, `birth_date`, `employment_date`, `branch_id`, `created_at`, `updated_at`) VALUES (163, 'Deangelo', 'Oberbrunner', NULL, 'j', '1978-12-07 10:27:24', '1985-10-02 02:09:13', 2, '2003-03-08 22:20:47', '1998-03-19 03:43:00');
INSERT INTO `employees` (`id`, `name`, `surname`, `patronymic`, `gender`, `birth_date`, `employment_date`, `branch_id`, `created_at`, `updated_at`) VALUES (164, 'Agustin', 'Kessler', NULL, 'r', '2019-07-03 16:51:28', '2004-08-02 11:59:29', 3, '1980-03-22 05:13:27', '2018-06-11 13:20:22');
INSERT INTO `employees` (`id`, `name`, `surname`, `patronymic`, `gender`, `birth_date`, `employment_date`, `branch_id`, `created_at`, `updated_at`) VALUES (165, 'Xzavier', 'Thompson', NULL, 'o', '2006-12-13 08:00:19', '1990-02-15 00:54:58', 4, '2011-12-05 22:37:07', '1989-08-29 22:39:02');
INSERT INTO `employees` (`id`, `name`, `surname`, `patronymic`, `gender`, `birth_date`, `employment_date`, `branch_id`, `created_at`, `updated_at`) VALUES (166, 'Gerson', 'Dibbert', NULL, 'l', '1990-01-10 13:14:53', '1998-05-17 09:34:24', 5, '1983-07-31 03:18:31', '1991-07-23 22:01:14');
INSERT INTO `employees` (`id`, `name`, `surname`, `patronymic`, `gender`, `birth_date`, `employment_date`, `branch_id`, `created_at`, `updated_at`) VALUES (167, 'Clair', 'Cruickshank', NULL, 'v', '2021-01-29 15:58:56', '1991-07-16 11:09:07', 6, '1997-10-16 04:54:15', '1980-04-26 15:04:37');
INSERT INTO `employees` (`id`, `name`, `surname`, `patronymic`, `gender`, `birth_date`, `employment_date`, `branch_id`, `created_at`, `updated_at`) VALUES (168, 'Jaron', 'Shields', NULL, 'w', '1991-10-12 20:08:20', '1973-08-24 21:37:23', 7, '2010-06-23 18:37:53', '2020-08-10 10:05:10');
INSERT INTO `employees` (`id`, `name`, `surname`, `patronymic`, `gender`, `birth_date`, `employment_date`, `branch_id`, `created_at`, `updated_at`) VALUES (169, 'Elena', 'Treutel', NULL, 'e', '1979-05-08 14:03:15', '2015-09-04 02:16:00', 1, '2005-01-25 05:16:27', '1971-08-23 12:20:50');
INSERT INTO `employees` (`id`, `name`, `surname`, `patronymic`, `gender`, `birth_date`, `employment_date`, `branch_id`, `created_at`, `updated_at`) VALUES (170, 'Saul', 'Abbott', NULL, 'v', '2020-02-23 22:20:03', '1993-08-16 02:23:44', 2, '1999-12-18 18:33:32', '2000-02-26 18:32:09');
INSERT INTO `employees` (`id`, `name`, `surname`, `patronymic`, `gender`, `birth_date`, `employment_date`, `branch_id`, `created_at`, `updated_at`) VALUES (171, 'Nat', 'Durgan', NULL, 'i', '1979-03-15 13:36:17', '2012-12-04 12:23:57', 3, '2013-04-17 14:23:51', '2012-11-30 14:56:02');
INSERT INTO `employees` (`id`, `name`, `surname`, `patronymic`, `gender`, `birth_date`, `employment_date`, `branch_id`, `created_at`, `updated_at`) VALUES (172, 'Pearl', 'Runolfsdottir', NULL, 'i', '1982-04-27 10:02:14', '1985-12-17 04:04:51', 4, '1994-11-13 10:25:03', '2010-07-31 01:09:37');
INSERT INTO `employees` (`id`, `name`, `surname`, `patronymic`, `gender`, `birth_date`, `employment_date`, `branch_id`, `created_at`, `updated_at`) VALUES (173, 'Flavio', 'Jast', NULL, 'v', '1985-08-22 11:02:59', '2014-03-27 01:46:49', 5, '1976-02-28 22:49:18', '2015-12-17 01:21:36');
INSERT INTO `employees` (`id`, `name`, `surname`, `patronymic`, `gender`, `birth_date`, `employment_date`, `branch_id`, `created_at`, `updated_at`) VALUES (174, 'Florencio', 'Gislason', NULL, 'u', '2016-08-12 06:45:23', '1989-06-06 20:39:23', 6, '1977-01-24 09:09:56', '1983-04-13 19:46:44');
INSERT INTO `employees` (`id`, `name`, `surname`, `patronymic`, `gender`, `birth_date`, `employment_date`, `branch_id`, `created_at`, `updated_at`) VALUES (175, 'Bell', 'Willms', NULL, 'z', '2016-10-15 16:57:00', '2018-08-29 15:11:22', 7, '1980-02-10 14:28:52', '1996-07-01 12:24:24');
INSERT INTO `employees` (`id`, `name`, `surname`, `patronymic`, `gender`, `birth_date`, `employment_date`, `branch_id`, `created_at`, `updated_at`) VALUES (176, 'Elizabeth', 'Herman', NULL, 't', '1987-05-11 23:40:44', '2009-10-04 13:55:22', 1, '1987-06-20 01:04:02', '2011-01-03 19:45:07');
INSERT INTO `employees` (`id`, `name`, `surname`, `patronymic`, `gender`, `birth_date`, `employment_date`, `branch_id`, `created_at`, `updated_at`) VALUES (177, 'Thaddeus', 'Swift', NULL, 'b', '2004-07-08 21:42:43', '2019-09-18 18:27:26', 2, '2015-11-16 05:06:34', '2007-08-18 15:25:26');
INSERT INTO `employees` (`id`, `name`, `surname`, `patronymic`, `gender`, `birth_date`, `employment_date`, `branch_id`, `created_at`, `updated_at`) VALUES (178, 'Ashtyn', 'Gulgowski', NULL, 'm', '1973-10-18 18:39:57', '1977-11-28 19:52:42', 3, '1991-01-29 19:47:40', '2018-08-16 22:52:18');
INSERT INTO `employees` (`id`, `name`, `surname`, `patronymic`, `gender`, `birth_date`, `employment_date`, `branch_id`, `created_at`, `updated_at`) VALUES (179, 'Leopoldo', 'Conroy', NULL, 'h', '1994-08-01 23:35:26', '2007-12-12 16:17:21', 4, '1977-11-16 03:10:50', '1991-11-29 17:02:31');
INSERT INTO `employees` (`id`, `name`, `surname`, `patronymic`, `gender`, `birth_date`, `employment_date`, `branch_id`, `created_at`, `updated_at`) VALUES (180, 'Malvina', 'Blanda', NULL, 'n', '2005-10-22 09:47:51', '2017-05-19 22:37:38', 5, '2003-08-20 03:32:02', '1979-05-30 20:14:09');
INSERT INTO `employees` (`id`, `name`, `surname`, `patronymic`, `gender`, `birth_date`, `employment_date`, `branch_id`, `created_at`, `updated_at`) VALUES (181, 'Laurence', 'Wuckert', NULL, 'c', '1989-07-14 12:08:06', '2005-05-07 16:00:53', 6, '1995-11-23 07:24:12', '2000-12-18 12:34:39');
INSERT INTO `employees` (`id`, `name`, `surname`, `patronymic`, `gender`, `birth_date`, `employment_date`, `branch_id`, `created_at`, `updated_at`) VALUES (182, 'Alessia', 'Paucek', NULL, 't', '1988-01-16 02:36:01', '1998-11-15 22:07:08', 7, '1988-05-04 02:19:57', '1972-08-19 11:52:26');
INSERT INTO `employees` (`id`, `name`, `surname`, `patronymic`, `gender`, `birth_date`, `employment_date`, `branch_id`, `created_at`, `updated_at`) VALUES (183, 'Skye', 'Greenholt', NULL, 'y', '1990-05-07 20:47:07', '2013-05-05 04:13:00', 1, '2013-01-05 15:44:58', '1978-08-11 02:11:02');
INSERT INTO `employees` (`id`, `name`, `surname`, `patronymic`, `gender`, `birth_date`, `employment_date`, `branch_id`, `created_at`, `updated_at`) VALUES (184, 'Aileen', 'Kassulke', NULL, 'd', '2019-06-23 05:19:27', '2017-01-07 12:55:37', 2, '1997-05-01 03:38:02', '1975-08-10 13:51:37');
INSERT INTO `employees` (`id`, `name`, `surname`, `patronymic`, `gender`, `birth_date`, `employment_date`, `branch_id`, `created_at`, `updated_at`) VALUES (185, 'Danielle', 'Torp', NULL, 'r', '1979-10-26 08:38:23', '1992-07-22 12:40:18', 3, '2001-01-05 13:24:24', '1980-01-05 23:03:33');
INSERT INTO `employees` (`id`, `name`, `surname`, `patronymic`, `gender`, `birth_date`, `employment_date`, `branch_id`, `created_at`, `updated_at`) VALUES (186, 'Onie', 'Carroll', NULL, 'z', '2000-06-22 01:54:25', '1995-05-21 18:11:37', 4, '2003-07-16 09:18:49', '2000-05-24 02:40:55');
INSERT INTO `employees` (`id`, `name`, `surname`, `patronymic`, `gender`, `birth_date`, `employment_date`, `branch_id`, `created_at`, `updated_at`) VALUES (187, 'Nona', 'Rowe', NULL, 'n', '1994-12-26 12:19:48', '2016-01-24 14:06:59', 5, '2006-10-17 00:44:36', '1999-11-27 04:46:02');
INSERT INTO `employees` (`id`, `name`, `surname`, `patronymic`, `gender`, `birth_date`, `employment_date`, `branch_id`, `created_at`, `updated_at`) VALUES (188, 'Brooke', 'Bernhard', NULL, 'h', '1972-08-23 21:26:46', '1972-01-03 06:14:53', 6, '2002-03-06 13:20:21', '1975-12-14 12:05:17');
INSERT INTO `employees` (`id`, `name`, `surname`, `patronymic`, `gender`, `birth_date`, `employment_date`, `branch_id`, `created_at`, `updated_at`) VALUES (189, 'Cecelia', 'Murazik', NULL, 'w', '2011-11-30 12:02:44', '2016-04-29 02:05:58', 7, '2001-02-14 23:16:18', '1997-09-15 18:06:39');
INSERT INTO `employees` (`id`, `name`, `surname`, `patronymic`, `gender`, `birth_date`, `employment_date`, `branch_id`, `created_at`, `updated_at`) VALUES (190, 'Darrion', 'Lesch', NULL, 'k', '1999-03-21 12:41:21', '1989-09-05 07:54:44', 1, '2000-06-17 20:43:36', '1992-02-14 18:59:46');
INSERT INTO `employees` (`id`, `name`, `surname`, `patronymic`, `gender`, `birth_date`, `employment_date`, `branch_id`, `created_at`, `updated_at`) VALUES (191, 'Jeffrey', 'Schultz', NULL, 'q', '1994-09-14 17:20:46', '1995-09-24 01:24:57', 2, '2003-01-19 13:02:03', '1970-09-01 06:12:00');
INSERT INTO `employees` (`id`, `name`, `surname`, `patronymic`, `gender`, `birth_date`, `employment_date`, `branch_id`, `created_at`, `updated_at`) VALUES (192, 'Dustin', 'Champlin', NULL, 'j', '1985-08-19 14:24:51', '2010-05-14 15:22:13', 3, '2006-11-26 18:30:08', '2002-12-25 04:06:27');
INSERT INTO `employees` (`id`, `name`, `surname`, `patronymic`, `gender`, `birth_date`, `employment_date`, `branch_id`, `created_at`, `updated_at`) VALUES (193, 'Emely', 'Kunze', NULL, 'o', '2003-11-26 10:06:35', '1972-07-02 20:49:09', 4, '1974-07-21 15:49:04', '2011-06-18 06:11:19');
INSERT INTO `employees` (`id`, `name`, `surname`, `patronymic`, `gender`, `birth_date`, `employment_date`, `branch_id`, `created_at`, `updated_at`) VALUES (194, 'Nia', 'Hilll', NULL, 's', '2010-09-10 02:24:52', '1996-11-19 19:35:37', 5, '2019-02-26 16:40:59', '1974-11-30 13:31:05');
INSERT INTO `employees` (`id`, `name`, `surname`, `patronymic`, `gender`, `birth_date`, `employment_date`, `branch_id`, `created_at`, `updated_at`) VALUES (195, 'Maymie', 'Ferry', NULL, 'n', '1994-01-04 13:05:02', '1983-10-30 14:46:53', 6, '1970-06-05 18:08:04', '2012-12-02 03:14:06');
INSERT INTO `employees` (`id`, `name`, `surname`, `patronymic`, `gender`, `birth_date`, `employment_date`, `branch_id`, `created_at`, `updated_at`) VALUES (196, 'Blake', 'Hackett', NULL, 'q', '2012-03-28 11:48:22', '1982-12-03 15:43:28', 7, '1985-05-03 23:30:25', '1974-02-09 09:34:26');
INSERT INTO `employees` (`id`, `name`, `surname`, `patronymic`, `gender`, `birth_date`, `employment_date`, `branch_id`, `created_at`, `updated_at`) VALUES (197, 'Norbert', 'Parisian', NULL, 'e', '1985-12-04 14:51:23', '1990-11-17 19:16:18', 1, '2019-01-16 13:25:15', '2014-12-25 03:52:36');
INSERT INTO `employees` (`id`, `name`, `surname`, `patronymic`, `gender`, `birth_date`, `employment_date`, `branch_id`, `created_at`, `updated_at`) VALUES (198, 'Nico', 'Lesch', NULL, 'u', '2008-07-26 10:31:23', '1981-08-31 04:39:08', 2, '1991-06-30 01:38:06', '2012-04-28 07:01:14');
INSERT INTO `employees` (`id`, `name`, `surname`, `patronymic`, `gender`, `birth_date`, `employment_date`, `branch_id`, `created_at`, `updated_at`) VALUES (199, 'Jude', 'Johns', NULL, 'n', '1984-08-21 18:36:17', '1987-02-08 08:42:38', 3, '2013-10-01 10:54:17', '2017-10-03 11:33:42');
INSERT INTO `employees` (`id`, `name`, `surname`, `patronymic`, `gender`, `birth_date`, `employment_date`, `branch_id`, `created_at`, `updated_at`) VALUES (200, 'Aleen', 'Grady', NULL, 't', '2004-06-01 16:51:26', '2007-10-04 10:55:03', 4, '2001-03-06 01:32:47', '1979-03-24 14:47:57');
INSERT INTO `employees` (`id`, `name`, `surname`, `patronymic`, `gender`, `birth_date`, `employment_date`, `branch_id`, `created_at`, `updated_at`) VALUES (201, 'Beverly', 'Denesik', NULL, 'g', '1983-10-09 22:05:27', '2012-05-16 01:55:23', 5, '1980-10-28 15:45:45', '2007-07-11 04:48:40');
INSERT INTO `employees` (`id`, `name`, `surname`, `patronymic`, `gender`, `birth_date`, `employment_date`, `branch_id`, `created_at`, `updated_at`) VALUES (202, 'Rossie', 'Schoen', NULL, 'h', '1987-05-10 14:35:02', '1973-11-25 15:46:50', 6, '2010-12-26 01:48:11', '2003-06-12 16:27:33');
INSERT INTO `employees` (`id`, `name`, `surname`, `patronymic`, `gender`, `birth_date`, `employment_date`, `branch_id`, `created_at`, `updated_at`) VALUES (203, 'Cesar', 'Wehner', NULL, 'v', '2012-10-31 20:23:48', '1986-08-26 04:37:08', 7, '2000-12-18 02:31:08', '1990-02-06 08:14:02');
INSERT INTO `employees` (`id`, `name`, `surname`, `patronymic`, `gender`, `birth_date`, `employment_date`, `branch_id`, `created_at`, `updated_at`) VALUES (204, 'Vesta', 'Jones', NULL, 's', '1988-12-19 14:37:26', '1984-07-28 10:22:54', 1, '1993-06-20 14:24:52', '1992-07-11 14:40:00');
INSERT INTO `employees` (`id`, `name`, `surname`, `patronymic`, `gender`, `birth_date`, `employment_date`, `branch_id`, `created_at`, `updated_at`) VALUES (205, 'Otilia', 'Williamson', NULL, 'b', '1990-12-07 21:20:07', '2005-10-24 03:39:51', 2, '2007-11-10 07:36:34', '1980-12-20 05:31:06');
INSERT INTO `employees` (`id`, `name`, `surname`, `patronymic`, `gender`, `birth_date`, `employment_date`, `branch_id`, `created_at`, `updated_at`) VALUES (206, 'Pasquale', 'Homenick', NULL, 'p', '1978-10-07 14:45:35', '2010-07-21 11:53:25', 3, '1992-04-01 06:22:46', '1991-04-10 02:56:34');
INSERT INTO `employees` (`id`, `name`, `surname`, `patronymic`, `gender`, `birth_date`, `employment_date`, `branch_id`, `created_at`, `updated_at`) VALUES (207, 'Mohammed', 'Torp', NULL, 'e', '2006-03-29 01:27:10', '1982-11-26 21:28:58', 4, '1978-02-21 00:24:47', '1984-04-03 21:20:21');
INSERT INTO `employees` (`id`, `name`, `surname`, `patronymic`, `gender`, `birth_date`, `employment_date`, `branch_id`, `created_at`, `updated_at`) VALUES (208, 'Warren', 'Gulgowski', NULL, 't', '2015-01-24 01:16:32', '1980-01-16 00:05:25', 5, '2004-12-01 06:59:02', '1971-08-12 21:19:31');
INSERT INTO `employees` (`id`, `name`, `surname`, `patronymic`, `gender`, `birth_date`, `employment_date`, `branch_id`, `created_at`, `updated_at`) VALUES (209, 'Maudie', 'Raynor', NULL, 'y', '1970-07-14 17:28:28', '1996-11-27 04:23:17', 6, '1996-06-04 22:54:56', '2016-01-17 07:08:33');
INSERT INTO `employees` (`id`, `name`, `surname`, `patronymic`, `gender`, `birth_date`, `employment_date`, `branch_id`, `created_at`, `updated_at`) VALUES (210, 'Linda', 'Smitham', NULL, 'l', '2021-04-12 21:49:21', '2004-01-26 04:35:11', 7, '1982-10-29 14:04:22', '1970-04-13 12:15:06');
INSERT INTO `employees` (`id`, `name`, `surname`, `patronymic`, `gender`, `birth_date`, `employment_date`, `branch_id`, `created_at`, `updated_at`) VALUES (211, 'Raina', 'Herzog', NULL, 'r', '1991-02-20 04:14:04', '1994-05-22 01:09:02', 1, '1994-03-20 11:33:41', '2013-06-02 05:18:44');
INSERT INTO `employees` (`id`, `name`, `surname`, `patronymic`, `gender`, `birth_date`, `employment_date`, `branch_id`, `created_at`, `updated_at`) VALUES (212, 'Kurtis', 'Lindgren', NULL, 'x', '2010-08-02 20:49:10', '1984-07-02 04:17:56', 2, '1977-06-03 07:12:23', '1989-01-08 14:57:11');
INSERT INTO `employees` (`id`, `name`, `surname`, `patronymic`, `gender`, `birth_date`, `employment_date`, `branch_id`, `created_at`, `updated_at`) VALUES (213, 'Jimmy', 'Stiedemann', NULL, 'l', '2017-01-13 18:47:54', '1979-08-05 01:29:20', 3, '1993-04-09 06:47:45', '1998-06-06 21:56:29');
INSERT INTO `employees` (`id`, `name`, `surname`, `patronymic`, `gender`, `birth_date`, `employment_date`, `branch_id`, `created_at`, `updated_at`) VALUES (214, 'Cara', 'Sawayn', NULL, 'l', '2005-10-22 06:03:03', '1979-11-18 17:40:30', 4, '1978-05-10 01:36:03', '1989-09-24 18:44:02');
INSERT INTO `employees` (`id`, `name`, `surname`, `patronymic`, `gender`, `birth_date`, `employment_date`, `branch_id`, `created_at`, `updated_at`) VALUES (215, 'Selmer', 'Crooks', NULL, 'h', '1975-02-17 00:25:33', '1980-08-25 01:13:00', 5, '2010-12-12 21:42:00', '1982-04-02 14:39:17');
INSERT INTO `employees` (`id`, `name`, `surname`, `patronymic`, `gender`, `birth_date`, `employment_date`, `branch_id`, `created_at`, `updated_at`) VALUES (216, 'Doug', 'Langosh', NULL, 'm', '1971-02-07 06:26:28', '1993-12-15 02:25:22', 6, '1998-01-06 20:37:52', '2017-11-20 23:55:11');
INSERT INTO `employees` (`id`, `name`, `surname`, `patronymic`, `gender`, `birth_date`, `employment_date`, `branch_id`, `created_at`, `updated_at`) VALUES (217, 'Tyler', 'Kertzmann', NULL, 'u', '1993-09-04 19:31:58', '2015-09-26 15:22:50', 7, '2015-06-02 04:09:56', '1977-06-15 09:57:34');
INSERT INTO `employees` (`id`, `name`, `surname`, `patronymic`, `gender`, `birth_date`, `employment_date`, `branch_id`, `created_at`, `updated_at`) VALUES (218, 'Jerrell', 'Hirthe', NULL, 'j', '2013-03-04 16:55:41', '2006-06-07 01:12:08', 1, '1997-11-11 22:26:33', '2011-01-11 12:11:20');
INSERT INTO `employees` (`id`, `name`, `surname`, `patronymic`, `gender`, `birth_date`, `employment_date`, `branch_id`, `created_at`, `updated_at`) VALUES (219, 'Leanna', 'Schneider', NULL, 's', '1987-11-02 11:47:30', '1970-11-18 05:50:29', 2, '1981-08-03 17:00:07', '1986-02-22 07:05:19');
INSERT INTO `employees` (`id`, `name`, `surname`, `patronymic`, `gender`, `birth_date`, `employment_date`, `branch_id`, `created_at`, `updated_at`) VALUES (220, 'Birdie', 'Emard', NULL, 'm', '1981-02-18 02:19:05', '1971-07-08 12:45:08', 3, '1976-09-18 08:55:44', '1988-08-27 09:00:51');
INSERT INTO `employees` (`id`, `name`, `surname`, `patronymic`, `gender`, `birth_date`, `employment_date`, `branch_id`, `created_at`, `updated_at`) VALUES (221, 'Helen', 'Orn', NULL, 'b', '1973-11-05 05:39:05', '2012-09-26 16:27:03', 4, '1970-04-20 02:09:26', '2010-03-20 04:47:02');
INSERT INTO `employees` (`id`, `name`, `surname`, `patronymic`, `gender`, `birth_date`, `employment_date`, `branch_id`, `created_at`, `updated_at`) VALUES (222, 'Frieda', 'Mueller', NULL, 'a', '1981-10-02 15:11:28', '2007-07-23 08:21:33', 5, '1999-03-19 03:07:46', '2003-03-06 22:41:00');
INSERT INTO `employees` (`id`, `name`, `surname`, `patronymic`, `gender`, `birth_date`, `employment_date`, `branch_id`, `created_at`, `updated_at`) VALUES (223, 'Federico', 'Orn', NULL, 'r', '1975-03-31 15:59:28', '2003-08-18 04:02:06', 6, '2006-08-19 03:07:23', '1997-11-11 02:24:16');
INSERT INTO `employees` (`id`, `name`, `surname`, `patronymic`, `gender`, `birth_date`, `employment_date`, `branch_id`, `created_at`, `updated_at`) VALUES (224, 'Velda', 'Hirthe', NULL, 'g', '1985-07-21 11:07:20', '1989-08-24 09:58:03', 7, '2001-10-21 02:34:51', '1999-07-28 21:51:09');
INSERT INTO `employees` (`id`, `name`, `surname`, `patronymic`, `gender`, `birth_date`, `employment_date`, `branch_id`, `created_at`, `updated_at`) VALUES (225, 'Haskell', 'Jakubowski', NULL, 'p', '1993-05-24 17:03:34', '2019-09-25 12:36:46', 1, '1994-11-12 16:00:10', '1983-01-28 15:04:35');
INSERT INTO `employees` (`id`, `name`, `surname`, `patronymic`, `gender`, `birth_date`, `employment_date`, `branch_id`, `created_at`, `updated_at`) VALUES (226, 'Lyric', 'Stoltenberg', NULL, 'u', '1970-06-15 17:09:18', '1991-04-06 23:27:08', 2, '1971-12-26 13:16:05', '2007-10-19 14:35:29');
INSERT INTO `employees` (`id`, `name`, `surname`, `patronymic`, `gender`, `birth_date`, `employment_date`, `branch_id`, `created_at`, `updated_at`) VALUES (227, 'Ciara', 'Hills', NULL, 'f', '2011-04-05 08:00:31', '2014-12-04 14:26:11', 3, '1992-05-01 03:46:08', '2010-10-12 02:41:49');
INSERT INTO `employees` (`id`, `name`, `surname`, `patronymic`, `gender`, `birth_date`, `employment_date`, `branch_id`, `created_at`, `updated_at`) VALUES (228, 'Lonnie', 'Eichmann', NULL, 'h', '1978-12-25 21:17:14', '1978-12-28 08:40:06', 4, '2009-06-13 05:40:32', '1974-09-29 01:47:26');
INSERT INTO `employees` (`id`, `name`, `surname`, `patronymic`, `gender`, `birth_date`, `employment_date`, `branch_id`, `created_at`, `updated_at`) VALUES (229, 'Olen', 'Conroy', NULL, 'o', '1998-10-23 10:58:10', '1977-10-17 11:09:41', 5, '1987-12-06 16:28:24', '1981-09-21 07:25:19');
INSERT INTO `employees` (`id`, `name`, `surname`, `patronymic`, `gender`, `birth_date`, `employment_date`, `branch_id`, `created_at`, `updated_at`) VALUES (230, 'Yasmin', 'Green', NULL, 'u', '1975-09-14 08:26:13', '2003-03-24 12:21:22', 6, '1986-10-15 22:07:18', '2004-09-25 23:17:05');
INSERT INTO `employees` (`id`, `name`, `surname`, `patronymic`, `gender`, `birth_date`, `employment_date`, `branch_id`, `created_at`, `updated_at`) VALUES (231, 'Porter', 'Morar', NULL, 'h', '1990-07-21 18:22:25', '1986-06-08 07:57:10', 7, '1975-09-14 00:45:11', '1986-12-18 11:11:48');
INSERT INTO `employees` (`id`, `name`, `surname`, `patronymic`, `gender`, `birth_date`, `employment_date`, `branch_id`, `created_at`, `updated_at`) VALUES (232, 'Else', 'Larkin', NULL, 'v', '2018-07-30 06:14:47', '2020-05-25 17:31:51', 1, '2000-03-06 23:39:43', '1981-07-13 11:21:26');
INSERT INTO `employees` (`id`, `name`, `surname`, `patronymic`, `gender`, `birth_date`, `employment_date`, `branch_id`, `created_at`, `updated_at`) VALUES (233, 'Cruz', 'Haag', NULL, 'p', '1981-04-29 07:18:55', '1977-06-13 03:00:56', 2, '1992-04-04 20:59:01', '1996-07-24 06:05:23');
INSERT INTO `employees` (`id`, `name`, `surname`, `patronymic`, `gender`, `birth_date`, `employment_date`, `branch_id`, `created_at`, `updated_at`) VALUES (234, 'Sandy', 'Fahey', NULL, 'l', '2017-06-04 18:55:04', '1970-12-15 17:07:00', 3, '2019-04-01 23:16:15', '1973-01-01 14:34:08');
INSERT INTO `employees` (`id`, `name`, `surname`, `patronymic`, `gender`, `birth_date`, `employment_date`, `branch_id`, `created_at`, `updated_at`) VALUES (235, 'Aniyah', 'Hoeger', NULL, 'g', '2001-06-03 00:48:36', '2005-12-08 10:39:51', 4, '2017-07-11 07:59:08', '1975-03-19 18:00:23');
INSERT INTO `employees` (`id`, `name`, `surname`, `patronymic`, `gender`, `birth_date`, `employment_date`, `branch_id`, `created_at`, `updated_at`) VALUES (236, 'Augusta', 'Crona', NULL, 'g', '1983-12-26 10:27:35', '1971-10-29 14:32:23', 5, '2014-11-20 00:38:23', '2000-02-27 07:36:45');
INSERT INTO `employees` (`id`, `name`, `surname`, `patronymic`, `gender`, `birth_date`, `employment_date`, `branch_id`, `created_at`, `updated_at`) VALUES (237, 'Melba', 'Cummings', NULL, 'n', '2001-12-21 03:28:45', '2015-01-03 06:42:59', 6, '1993-09-02 05:16:41', '1997-12-10 00:31:08');
INSERT INTO `employees` (`id`, `name`, `surname`, `patronymic`, `gender`, `birth_date`, `employment_date`, `branch_id`, `created_at`, `updated_at`) VALUES (238, 'Grant', 'Abshire', NULL, 'q', '1994-09-08 08:33:11', '2020-06-05 08:16:27', 7, '2011-12-24 21:03:26', '2018-04-12 12:38:55');
INSERT INTO `employees` (`id`, `name`, `surname`, `patronymic`, `gender`, `birth_date`, `employment_date`, `branch_id`, `created_at`, `updated_at`) VALUES (239, 'Bridgette', 'Fritsch', NULL, 'o', '1998-08-28 18:40:32', '1990-10-08 14:05:33', 1, '1972-01-05 01:45:50', '1984-10-01 21:42:22');
INSERT INTO `employees` (`id`, `name`, `surname`, `patronymic`, `gender`, `birth_date`, `employment_date`, `branch_id`, `created_at`, `updated_at`) VALUES (240, 'Liza', 'Hoeger', NULL, 'l', '2001-11-23 13:14:08', '2012-06-06 21:29:40', 2, '1992-07-06 06:16:18', '2000-05-14 14:01:58');
INSERT INTO `employees` (`id`, `name`, `surname`, `patronymic`, `gender`, `birth_date`, `employment_date`, `branch_id`, `created_at`, `updated_at`) VALUES (241, 'Frank', 'Block', NULL, 'k', '2005-10-28 13:51:37', '1985-07-11 00:23:27', 3, '1971-03-22 07:25:11', '2004-07-10 13:59:05');
INSERT INTO `employees` (`id`, `name`, `surname`, `patronymic`, `gender`, `birth_date`, `employment_date`, `branch_id`, `created_at`, `updated_at`) VALUES (242, 'Jerrod', 'Hickle', NULL, 'j', '2015-09-27 16:11:58', '2000-07-20 10:33:47', 4, '1990-03-30 02:56:31', '1981-05-04 08:00:11');
INSERT INTO `employees` (`id`, `name`, `surname`, `patronymic`, `gender`, `birth_date`, `employment_date`, `branch_id`, `created_at`, `updated_at`) VALUES (243, 'Abagail', 'Zemlak', NULL, 'u', '2006-12-13 00:41:53', '1985-12-18 12:03:08', 5, '1975-09-19 03:37:19', '1999-12-05 05:15:06');
INSERT INTO `employees` (`id`, `name`, `surname`, `patronymic`, `gender`, `birth_date`, `employment_date`, `branch_id`, `created_at`, `updated_at`) VALUES (244, 'Elizabeth', 'Powlowski', NULL, 'y', '1999-03-23 22:56:33', '2012-11-18 00:52:42', 6, '1987-10-28 17:46:30', '1971-03-19 16:57:06');
INSERT INTO `employees` (`id`, `name`, `surname`, `patronymic`, `gender`, `birth_date`, `employment_date`, `branch_id`, `created_at`, `updated_at`) VALUES (245, 'Branson', 'Connelly', NULL, 'g', '1976-08-02 08:10:03', '2019-12-01 01:13:51', 7, '2003-02-06 16:27:24', '2019-11-05 15:09:55');
INSERT INTO `employees` (`id`, `name`, `surname`, `patronymic`, `gender`, `birth_date`, `employment_date`, `branch_id`, `created_at`, `updated_at`) VALUES (246, 'Hope', 'Rohan', NULL, 'p', '1999-12-09 20:42:10', '1972-04-14 12:14:49', 1, '2012-06-04 23:13:39', '1995-07-07 12:58:50');
INSERT INTO `employees` (`id`, `name`, `surname`, `patronymic`, `gender`, `birth_date`, `employment_date`, `branch_id`, `created_at`, `updated_at`) VALUES (247, 'Crystel', 'Funk', NULL, 'v', '2003-10-27 01:27:56', '2006-03-22 22:25:11', 2, '2014-12-24 12:14:46', '1994-09-08 02:41:59');
INSERT INTO `employees` (`id`, `name`, `surname`, `patronymic`, `gender`, `birth_date`, `employment_date`, `branch_id`, `created_at`, `updated_at`) VALUES (248, 'Austyn', 'Ledner', NULL, 'q', '1996-06-09 20:59:32', '1979-01-16 02:12:20', 3, '2006-11-01 06:00:26', '1994-12-26 11:21:44');
INSERT INTO `employees` (`id`, `name`, `surname`, `patronymic`, `gender`, `birth_date`, `employment_date`, `branch_id`, `created_at`, `updated_at`) VALUES (249, 'Ansley', 'Walter', NULL, 'g', '2018-05-03 16:40:08', '1985-06-22 09:01:14', 4, '1971-02-07 03:06:15', '1979-02-13 06:13:09');
INSERT INTO `employees` (`id`, `name`, `surname`, `patronymic`, `gender`, `birth_date`, `employment_date`, `branch_id`, `created_at`, `updated_at`) VALUES (250, 'Rosetta', 'Dickinson', NULL, 'o', '1985-07-23 12:30:43', '2017-05-06 14:09:11', 5, '2000-05-29 04:10:11', '1977-01-27 15:06:35');

INSERT INTO `instrumentsStorages` (`branch_id`, `instrument_id`, `quantity`, `created_at`, `updated_at`) VALUES (1, 1, 64, '2013-04-02 23:11:22', '2015-11-30 11:55:44');
INSERT INTO `instrumentsStorages` (`branch_id`, `instrument_id`, `quantity`, `created_at`, `updated_at`) VALUES (1, 8, 22, '2020-02-12 07:33:44', '1977-08-28 10:52:58');
INSERT INTO `instrumentsStorages` (`branch_id`, `instrument_id`, `quantity`, `created_at`, `updated_at`) VALUES (1, 15, 28, '1996-02-01 01:10:16', '2019-08-01 15:11:25');
INSERT INTO `instrumentsStorages` (`branch_id`, `instrument_id`, `quantity`, `created_at`, `updated_at`) VALUES (1, 22, 80, '1992-03-07 12:54:21', '1988-10-25 09:29:34');
INSERT INTO `instrumentsStorages` (`branch_id`, `instrument_id`, `quantity`, `created_at`, `updated_at`) VALUES (1, 29, 67, '2018-10-07 13:49:36', '2019-08-01 10:41:08');
INSERT INTO `instrumentsStorages` (`branch_id`, `instrument_id`, `quantity`, `created_at`, `updated_at`) VALUES (1, 36, 5, '1980-09-16 04:56:23', '1970-08-02 16:52:33');
INSERT INTO `instrumentsStorages` (`branch_id`, `instrument_id`, `quantity`, `created_at`, `updated_at`) VALUES (2, 2, 83, '2017-07-19 20:02:14', '1988-02-14 04:43:03');
INSERT INTO `instrumentsStorages` (`branch_id`, `instrument_id`, `quantity`, `created_at`, `updated_at`) VALUES (2, 9, 55, '1986-01-15 09:11:15', '2010-10-12 13:25:00');
INSERT INTO `instrumentsStorages` (`branch_id`, `instrument_id`, `quantity`, `created_at`, `updated_at`) VALUES (2, 16, 27, '1982-01-06 21:44:49', '2003-10-26 07:16:57');
INSERT INTO `instrumentsStorages` (`branch_id`, `instrument_id`, `quantity`, `created_at`, `updated_at`) VALUES (2, 23, 11, '1973-05-05 13:04:46', '1985-01-29 04:39:35');
INSERT INTO `instrumentsStorages` (`branch_id`, `instrument_id`, `quantity`, `created_at`, `updated_at`) VALUES (2, 30, 54, '1998-12-25 12:29:50', '2012-08-28 12:45:51');
INSERT INTO `instrumentsStorages` (`branch_id`, `instrument_id`, `quantity`, `created_at`, `updated_at`) VALUES (2, 37, 37, '2001-06-18 04:58:37', '2009-07-07 01:18:54');
INSERT INTO `instrumentsStorages` (`branch_id`, `instrument_id`, `quantity`, `created_at`, `updated_at`) VALUES (3, 3, 71, '2010-03-15 05:03:20', '2011-09-17 04:46:38');
INSERT INTO `instrumentsStorages` (`branch_id`, `instrument_id`, `quantity`, `created_at`, `updated_at`) VALUES (3, 10, 77, '1982-10-12 13:03:09', '2012-10-14 10:56:47');
INSERT INTO `instrumentsStorages` (`branch_id`, `instrument_id`, `quantity`, `created_at`, `updated_at`) VALUES (3, 17, 44, '1976-05-28 05:03:02', '1988-05-27 17:53:44');
INSERT INTO `instrumentsStorages` (`branch_id`, `instrument_id`, `quantity`, `created_at`, `updated_at`) VALUES (3, 24, 41, '1989-01-13 18:03:54', '1982-11-28 00:20:06');
INSERT INTO `instrumentsStorages` (`branch_id`, `instrument_id`, `quantity`, `created_at`, `updated_at`) VALUES (3, 31, 29, '2012-10-26 00:46:56', '1995-02-20 22:18:20');
INSERT INTO `instrumentsStorages` (`branch_id`, `instrument_id`, `quantity`, `created_at`, `updated_at`) VALUES (3, 38, 58, '1980-06-22 16:17:03', '2005-12-06 07:33:43');
INSERT INTO `instrumentsStorages` (`branch_id`, `instrument_id`, `quantity`, `created_at`, `updated_at`) VALUES (4, 4, 51, '2007-08-07 20:24:14', '1991-04-12 04:54:54');
INSERT INTO `instrumentsStorages` (`branch_id`, `instrument_id`, `quantity`, `created_at`, `updated_at`) VALUES (4, 11, 20, '1994-06-04 12:22:46', '1979-05-04 14:41:35');
INSERT INTO `instrumentsStorages` (`branch_id`, `instrument_id`, `quantity`, `created_at`, `updated_at`) VALUES (4, 18, 51, '2005-09-21 19:26:05', '1972-08-27 02:48:08');
INSERT INTO `instrumentsStorages` (`branch_id`, `instrument_id`, `quantity`, `created_at`, `updated_at`) VALUES (4, 25, 58, '2015-02-19 12:44:16', '1995-11-30 18:58:06');
INSERT INTO `instrumentsStorages` (`branch_id`, `instrument_id`, `quantity`, `created_at`, `updated_at`) VALUES (4, 32, 86, '1983-11-29 12:11:53', '1993-07-04 04:30:54');
INSERT INTO `instrumentsStorages` (`branch_id`, `instrument_id`, `quantity`, `created_at`, `updated_at`) VALUES (4, 39, 68, '2009-12-17 14:18:02', '2013-03-14 04:14:24');
INSERT INTO `instrumentsStorages` (`branch_id`, `instrument_id`, `quantity`, `created_at`, `updated_at`) VALUES (5, 5, 28, '1983-09-10 07:51:29', '2008-05-06 00:22:42');
INSERT INTO `instrumentsStorages` (`branch_id`, `instrument_id`, `quantity`, `created_at`, `updated_at`) VALUES (5, 12, 67, '2009-10-17 15:00:12', '2012-03-25 08:58:44');
INSERT INTO `instrumentsStorages` (`branch_id`, `instrument_id`, `quantity`, `created_at`, `updated_at`) VALUES (5, 19, 86, '1987-04-13 11:31:29', '1993-04-19 04:54:07');
INSERT INTO `instrumentsStorages` (`branch_id`, `instrument_id`, `quantity`, `created_at`, `updated_at`) VALUES (5, 26, 41, '1970-09-14 06:37:48', '1975-01-05 02:38:30');
INSERT INTO `instrumentsStorages` (`branch_id`, `instrument_id`, `quantity`, `created_at`, `updated_at`) VALUES (5, 33, 97, '1995-09-09 03:27:56', '2013-12-10 14:47:24');
INSERT INTO `instrumentsStorages` (`branch_id`, `instrument_id`, `quantity`, `created_at`, `updated_at`) VALUES (5, 40, 28, '1986-06-22 21:41:34', '2010-05-30 07:57:51');
INSERT INTO `instrumentsStorages` (`branch_id`, `instrument_id`, `quantity`, `created_at`, `updated_at`) VALUES (6, 6, 14, '1970-11-14 03:00:29', '1994-12-10 09:02:49');
INSERT INTO `instrumentsStorages` (`branch_id`, `instrument_id`, `quantity`, `created_at`, `updated_at`) VALUES (6, 13, 10, '1970-08-17 03:05:42', '1971-06-14 01:02:28');
INSERT INTO `instrumentsStorages` (`branch_id`, `instrument_id`, `quantity`, `created_at`, `updated_at`) VALUES (6, 20, 8, '1974-05-23 04:48:39', '1974-04-17 01:21:13');
INSERT INTO `instrumentsStorages` (`branch_id`, `instrument_id`, `quantity`, `created_at`, `updated_at`) VALUES (6, 27, 5, '2005-05-02 01:08:18', '1985-08-29 00:00:54');
INSERT INTO `instrumentsStorages` (`branch_id`, `instrument_id`, `quantity`, `created_at`, `updated_at`) VALUES (6, 34, 30, '2002-08-04 00:41:35', '2020-11-25 08:18:53');
INSERT INTO `instrumentsStorages` (`branch_id`, `instrument_id`, `quantity`, `created_at`, `updated_at`) VALUES (7, 7, 42, '2004-06-22 02:20:17', '1974-11-29 17:15:30');
INSERT INTO `instrumentsStorages` (`branch_id`, `instrument_id`, `quantity`, `created_at`, `updated_at`) VALUES (7, 14, 84, '1983-03-14 14:22:25', '2011-01-31 16:22:48');
INSERT INTO `instrumentsStorages` (`branch_id`, `instrument_id`, `quantity`, `created_at`, `updated_at`) VALUES (7, 21, 91, '1971-04-28 11:57:34', '2019-01-21 01:48:28');
INSERT INTO `instrumentsStorages` (`branch_id`, `instrument_id`, `quantity`, `created_at`, `updated_at`) VALUES (7, 28, 86, '1982-01-24 01:18:29', '1981-07-31 05:38:51');
INSERT INTO `instrumentsStorages` (`branch_id`, `instrument_id`, `quantity`, `created_at`, `updated_at`) VALUES (7, 35, 69, '1984-01-21 06:44:14', '2021-04-22 20:07:14');

INSERT INTO `land` (`id`, `branch_id`, `size`, `address`, `created_at`, `updated_at`) VALUES (1, 1, 35, '1369 Mante Squares Apt. 840\nLauriestad, UT 67733-2112', '1985-07-18 10:16:51', '1985-09-15 18:41:32');
INSERT INTO `land` (`id`, `branch_id`, `size`, `address`, `created_at`, `updated_at`) VALUES (2, 2, 11, '68225 Hodkiewicz Cove Apt. 981\nLake Donnell, SC 76513-0650', '1993-05-07 04:14:30', '1975-08-29 17:36:25');
INSERT INTO `land` (`id`, `branch_id`, `size`, `address`, `created_at`, `updated_at`) VALUES (3, 3, 18, '863 Jordi Fall\nAmayaberg, AK 70134', '1983-01-20 08:35:07', '1991-09-15 02:24:39');
INSERT INTO `land` (`id`, `branch_id`, `size`, `address`, `created_at`, `updated_at`) VALUES (4, 4, 41, '98882 Carli Forge Apt. 701\nSouth Danny, OH 41069-6582', '2002-03-26 07:39:23', '2000-09-30 15:58:41');
INSERT INTO `land` (`id`, `branch_id`, `size`, `address`, `created_at`, `updated_at`) VALUES (5, 5, 5, '67764 Jules Mountain Suite 510\nRockyview, NC 39509', '1980-07-02 20:22:52', '1995-10-23 18:28:21');
INSERT INTO `land` (`id`, `branch_id`, `size`, `address`, `created_at`, `updated_at`) VALUES (6, 6, 7, '81117 Thiel Crossroad Apt. 949\nEast Jalyn, SD 78252-1753', '1986-04-25 16:32:29', '1993-11-29 00:43:24');
INSERT INTO `land` (`id`, `branch_id`, `size`, `address`, `created_at`, `updated_at`) VALUES (7, 7, 37, '87793 Beier Village\nNew Phoebehaven, MN 31013-3554', '2011-05-11 00:04:42', '2000-09-23 05:50:56');
INSERT INTO `land` (`id`, `branch_id`, `size`, `address`, `created_at`, `updated_at`) VALUES (8, 1, 3, '61718 Runolfsdottir Meadow\nLauriechester, NV 48716', '1991-11-28 16:33:16', '2000-05-30 09:17:54');
INSERT INTO `land` (`id`, `branch_id`, `size`, `address`, `created_at`, `updated_at`) VALUES (9, 2, 40, '30420 Breana Ports Suite 823\nHartmannview, HI 00927-7801', '1985-05-11 01:45:34', '1981-05-29 11:25:46');
INSERT INTO `land` (`id`, `branch_id`, `size`, `address`, `created_at`, `updated_at`) VALUES (10, 3, 49, '1541 Lueilwitz Via\nPort Rosie, IA 74037', '2009-05-17 16:30:39', '1994-01-01 08:33:57');
INSERT INTO `land` (`id`, `branch_id`, `size`, `address`, `created_at`, `updated_at`) VALUES (11, 4, 24, '908 Devonte Mission\nNew Gracechester, MS 66567', '2003-07-04 21:12:41', '2004-03-11 10:06:35');
INSERT INTO `land` (`id`, `branch_id`, `size`, `address`, `created_at`, `updated_at`) VALUES (12, 5, 34, '542 Cassin Islands\nWest Maximillianland, LA 89482', '1988-11-23 18:21:06', '1980-03-28 12:44:46');
INSERT INTO `land` (`id`, `branch_id`, `size`, `address`, `created_at`, `updated_at`) VALUES (13, 6, 47, '342 Alexanne Mountain Apt. 004\nEast Laurelbury, RI 02697', '1974-06-06 21:55:57', '1991-02-17 07:23:46');
INSERT INTO `land` (`id`, `branch_id`, `size`, `address`, `created_at`, `updated_at`) VALUES (14, 7, 40, '724 Emely Parks\nEstefaniamouth, HI 15541-9644', '1983-12-02 00:44:26', '1984-09-02 20:07:18');
INSERT INTO `land` (`id`, `branch_id`, `size`, `address`, `created_at`, `updated_at`) VALUES (15, 1, 11, '1682 Kautzer Prairie Suite 955\nGagefurt, MN 85465-6270', '1982-01-22 01:35:10', '2018-11-21 17:40:30');
INSERT INTO `land` (`id`, `branch_id`, `size`, `address`, `created_at`, `updated_at`) VALUES (16, 2, 28, '650 Grimes Causeway Suite 383\nNew Jeff, SD 51043', '2006-05-20 19:43:25', '1999-06-17 09:21:27');
INSERT INTO `land` (`id`, `branch_id`, `size`, `address`, `created_at`, `updated_at`) VALUES (17, 3, 28, '78158 Kihn Inlet\nLednerstad, ND 32301', '2020-04-16 13:29:18', '2017-06-20 17:45:43');
INSERT INTO `land` (`id`, `branch_id`, `size`, `address`, `created_at`, `updated_at`) VALUES (18, 4, 14, '09466 Brendon Station Apt. 879\nEast Shana, RI 80578-6856', '2020-04-02 00:12:48', '1974-05-27 06:58:40');
INSERT INTO `land` (`id`, `branch_id`, `size`, `address`, `created_at`, `updated_at`) VALUES (19, 5, 34, '6575 Torrance Plaza Suite 863\nLake German, KS 61844-9443', '2016-03-31 23:15:19', '2010-03-31 07:12:16');
INSERT INTO `land` (`id`, `branch_id`, `size`, `address`, `created_at`, `updated_at`) VALUES (20, 6, 27, '796 Neil Light\nHettieview, GA 96508', '2013-11-19 02:53:30', '2015-07-13 20:05:05');
INSERT INTO `land` (`id`, `branch_id`, `size`, `address`, `created_at`, `updated_at`) VALUES (21, 7, 11, '58668 Botsford Burgs\nAmeliaborough, NJ 33700-5821', '2011-05-05 02:39:25', '1988-10-03 03:25:15');
INSERT INTO `land` (`id`, `branch_id`, `size`, `address`, `created_at`, `updated_at`) VALUES (22, 1, 26, '64872 Gerlach Groves Suite 919\nErickafurt, TX 65322', '2000-02-22 01:25:44', '2011-09-21 02:19:31');
INSERT INTO `land` (`id`, `branch_id`, `size`, `address`, `created_at`, `updated_at`) VALUES (23, 2, 8, '28386 Donnell Manor\nWest Andre, LA 64882-4216', '2005-10-07 23:03:27', '2012-03-11 06:57:35');
INSERT INTO `land` (`id`, `branch_id`, `size`, `address`, `created_at`, `updated_at`) VALUES (24, 3, 30, '285 Chloe Key\nNew Jessika, IN 39584', '2002-02-18 00:35:21', '1980-08-01 04:16:19');
INSERT INTO `land` (`id`, `branch_id`, `size`, `address`, `created_at`, `updated_at`) VALUES (25, 4, 3, '990 Aleen Brook Apt. 702\nKarliestad, VA 14696', '2004-11-11 04:29:10', '2003-08-01 23:17:03');
INSERT INTO `land` (`id`, `branch_id`, `size`, `address`, `created_at`, `updated_at`) VALUES (26, 5, 35, '495 Elizabeth Parkways Apt. 171\nJaniston, MO 20317-2328', '1995-07-20 16:25:10', '2013-04-24 15:36:46');
INSERT INTO `land` (`id`, `branch_id`, `size`, `address`, `created_at`, `updated_at`) VALUES (27, 6, 7, '60282 Kitty Station\nNorth Eldatown, FL 29887-1155', '1979-04-12 10:30:51', '1981-03-18 06:58:50');
INSERT INTO `land` (`id`, `branch_id`, `size`, `address`, `created_at`, `updated_at`) VALUES (28, 7, 48, '4999 Walsh Stream\nStantonview, MA 94174-9392', '1985-11-16 02:06:34', '2004-08-06 15:03:34');
INSERT INTO `land` (`id`, `branch_id`, `size`, `address`, `created_at`, `updated_at`) VALUES (29, 1, 18, '909 Kristopher Center Apt. 013\nEast Robertoville, KS 73259-8569', '2004-11-22 22:08:07', '1973-04-12 17:20:46');
INSERT INTO `land` (`id`, `branch_id`, `size`, `address`, `created_at`, `updated_at`) VALUES (30, 2, 6, '355 King River Suite 022\nMeganeview, RI 52043', '1971-07-03 02:11:27', '2019-04-18 02:11:53');

INSERT INTO `machineryStorages` (`branch_id`, `machinery_id`, `quantity`, `created_at`, `updated_at`) VALUES (1, 1, 3, '2014-12-05 21:38:28', '2008-03-31 05:10:39');
INSERT INTO `machineryStorages` (`branch_id`, `machinery_id`, `quantity`, `created_at`, `updated_at`) VALUES (1, 8, 21, '1989-12-29 14:42:42', '2009-04-01 09:54:07');
INSERT INTO `machineryStorages` (`branch_id`, `machinery_id`, `quantity`, `created_at`, `updated_at`) VALUES (1, 15, 6, '2011-09-10 10:15:24', '2015-05-10 14:34:24');
INSERT INTO `machineryStorages` (`branch_id`, `machinery_id`, `quantity`, `created_at`, `updated_at`) VALUES (1, 22, 20, '2011-06-25 01:46:50', '2002-10-18 10:02:40');
INSERT INTO `machineryStorages` (`branch_id`, `machinery_id`, `quantity`, `created_at`, `updated_at`) VALUES (1, 29, 18, '1983-08-08 02:30:16', '1994-05-07 22:29:46');
INSERT INTO `machineryStorages` (`branch_id`, `machinery_id`, `quantity`, `created_at`, `updated_at`) VALUES (1, 36, 26, '2016-11-10 18:39:44', '1998-04-22 06:50:29');
INSERT INTO `machineryStorages` (`branch_id`, `machinery_id`, `quantity`, `created_at`, `updated_at`) VALUES (2, 2, 25, '2013-06-10 15:20:39', '1974-10-19 21:13:22');
INSERT INTO `machineryStorages` (`branch_id`, `machinery_id`, `quantity`, `created_at`, `updated_at`) VALUES (2, 9, 12, '2012-02-24 23:30:16', '1977-04-14 16:43:01');
INSERT INTO `machineryStorages` (`branch_id`, `machinery_id`, `quantity`, `created_at`, `updated_at`) VALUES (2, 16, 0, '1973-04-27 16:43:14', '1976-03-04 13:02:17');
INSERT INTO `machineryStorages` (`branch_id`, `machinery_id`, `quantity`, `created_at`, `updated_at`) VALUES (2, 23, 20, '2003-09-14 14:04:35', '1975-06-22 15:18:06');
INSERT INTO `machineryStorages` (`branch_id`, `machinery_id`, `quantity`, `created_at`, `updated_at`) VALUES (2, 30, 30, '1973-08-16 13:06:57', '2018-05-15 05:54:36');
INSERT INTO `machineryStorages` (`branch_id`, `machinery_id`, `quantity`, `created_at`, `updated_at`) VALUES (2, 37, 8, '2017-07-20 01:28:14', '1999-01-02 09:07:28');
INSERT INTO `machineryStorages` (`branch_id`, `machinery_id`, `quantity`, `created_at`, `updated_at`) VALUES (3, 3, 15, '1988-05-20 08:32:56', '1995-05-13 01:54:07');
INSERT INTO `machineryStorages` (`branch_id`, `machinery_id`, `quantity`, `created_at`, `updated_at`) VALUES (3, 10, 15, '1987-12-18 23:04:16', '2009-03-26 11:40:01');
INSERT INTO `machineryStorages` (`branch_id`, `machinery_id`, `quantity`, `created_at`, `updated_at`) VALUES (3, 17, 17, '2006-09-26 17:30:17', '1988-04-28 09:39:32');
INSERT INTO `machineryStorages` (`branch_id`, `machinery_id`, `quantity`, `created_at`, `updated_at`) VALUES (3, 24, 24, '2015-03-03 08:57:12', '2016-12-31 06:32:08');
INSERT INTO `machineryStorages` (`branch_id`, `machinery_id`, `quantity`, `created_at`, `updated_at`) VALUES (3, 31, 12, '2018-02-24 00:20:59', '2002-06-23 08:15:04');
INSERT INTO `machineryStorages` (`branch_id`, `machinery_id`, `quantity`, `created_at`, `updated_at`) VALUES (3, 38, 4, '1980-12-10 11:43:40', '1977-08-16 12:03:32');
INSERT INTO `machineryStorages` (`branch_id`, `machinery_id`, `quantity`, `created_at`, `updated_at`) VALUES (4, 4, 28, '2016-10-09 05:07:15', '2017-12-25 06:17:58');
INSERT INTO `machineryStorages` (`branch_id`, `machinery_id`, `quantity`, `created_at`, `updated_at`) VALUES (4, 11, 20, '1973-06-09 11:46:10', '1991-08-05 19:49:16');
INSERT INTO `machineryStorages` (`branch_id`, `machinery_id`, `quantity`, `created_at`, `updated_at`) VALUES (4, 18, 11, '2007-11-01 18:11:46', '1993-04-09 09:23:17');
INSERT INTO `machineryStorages` (`branch_id`, `machinery_id`, `quantity`, `created_at`, `updated_at`) VALUES (4, 25, 21, '1995-02-08 15:25:57', '1992-12-15 23:18:36');
INSERT INTO `machineryStorages` (`branch_id`, `machinery_id`, `quantity`, `created_at`, `updated_at`) VALUES (4, 32, 13, '1976-12-16 16:00:41', '1972-02-25 23:37:25');
INSERT INTO `machineryStorages` (`branch_id`, `machinery_id`, `quantity`, `created_at`, `updated_at`) VALUES (4, 39, 14, '1981-02-20 16:00:20', '2007-02-05 13:28:03');
INSERT INTO `machineryStorages` (`branch_id`, `machinery_id`, `quantity`, `created_at`, `updated_at`) VALUES (5, 5, 27, '1975-01-21 00:06:13', '1988-02-17 12:51:32');
INSERT INTO `machineryStorages` (`branch_id`, `machinery_id`, `quantity`, `created_at`, `updated_at`) VALUES (5, 12, 25, '2014-09-17 19:18:22', '1999-05-22 01:32:53');
INSERT INTO `machineryStorages` (`branch_id`, `machinery_id`, `quantity`, `created_at`, `updated_at`) VALUES (5, 19, 19, '2005-04-11 19:48:14', '1976-10-28 18:05:15');
INSERT INTO `machineryStorages` (`branch_id`, `machinery_id`, `quantity`, `created_at`, `updated_at`) VALUES (5, 26, 2, '2011-01-07 00:52:47', '1974-09-10 01:22:45');
INSERT INTO `machineryStorages` (`branch_id`, `machinery_id`, `quantity`, `created_at`, `updated_at`) VALUES (5, 33, 28, '1975-12-12 11:53:31', '1991-06-19 19:55:50');
INSERT INTO `machineryStorages` (`branch_id`, `machinery_id`, `quantity`, `created_at`, `updated_at`) VALUES (5, 40, 30, '1984-04-20 11:51:44', '2020-10-12 21:25:41');
INSERT INTO `machineryStorages` (`branch_id`, `machinery_id`, `quantity`, `created_at`, `updated_at`) VALUES (6, 6, 2, '1985-12-10 05:17:16', '2018-02-02 23:47:42');
INSERT INTO `machineryStorages` (`branch_id`, `machinery_id`, `quantity`, `created_at`, `updated_at`) VALUES (6, 13, 14, '1979-07-22 15:53:00', '1974-09-12 01:54:18');
INSERT INTO `machineryStorages` (`branch_id`, `machinery_id`, `quantity`, `created_at`, `updated_at`) VALUES (6, 20, 12, '1972-12-14 19:13:39', '1999-10-30 09:43:02');
INSERT INTO `machineryStorages` (`branch_id`, `machinery_id`, `quantity`, `created_at`, `updated_at`) VALUES (6, 27, 0, '1970-09-18 02:52:13', '2019-04-18 08:58:25');
INSERT INTO `machineryStorages` (`branch_id`, `machinery_id`, `quantity`, `created_at`, `updated_at`) VALUES (6, 34, 10, '1983-10-04 12:28:01', '1984-01-13 21:16:38');
INSERT INTO `machineryStorages` (`branch_id`, `machinery_id`, `quantity`, `created_at`, `updated_at`) VALUES (7, 7, 27, '1978-02-25 18:17:44', '1988-04-05 18:01:15');
INSERT INTO `machineryStorages` (`branch_id`, `machinery_id`, `quantity`, `created_at`, `updated_at`) VALUES (7, 14, 19, '1972-03-23 03:20:13', '1996-12-18 16:43:50');
INSERT INTO `machineryStorages` (`branch_id`, `machinery_id`, `quantity`, `created_at`, `updated_at`) VALUES (7, 21, 7, '2015-04-22 01:50:54', '1978-11-30 10:54:17');
INSERT INTO `machineryStorages` (`branch_id`, `machinery_id`, `quantity`, `created_at`, `updated_at`) VALUES (7, 28, 14, '2011-11-29 02:37:06', '1986-02-22 10:27:14');
INSERT INTO `machineryStorages` (`branch_id`, `machinery_id`, `quantity`, `created_at`, `updated_at`) VALUES (7, 35, 23, '2008-05-19 15:52:22', '1987-03-11 05:07:11');

INSERT INTO `materialsStorages` (`branch_id`, `material_id`, `quantity`, `unit_name`, `created_at`, `updated_at`) VALUES (1, 1, 159, 'aspernatur', '1991-05-31 06:32:16', '1998-08-14 16:42:16');
INSERT INTO `materialsStorages` (`branch_id`, `material_id`, `quantity`, `unit_name`, `created_at`, `updated_at`) VALUES (1, 3, 89, 'in', '2008-02-18 06:40:43', '1992-09-24 20:39:52');
INSERT INTO `materialsStorages` (`branch_id`, `material_id`, `quantity`, `unit_name`, `created_at`, `updated_at`) VALUES (1, 8, 459, 'eveniet', '1985-01-09 14:59:33', '2020-09-26 06:17:49');
INSERT INTO `materialsStorages` (`branch_id`, `material_id`, `quantity`, `unit_name`, `created_at`, `updated_at`) VALUES (1, 10, 193, 'ducimus', '2014-04-03 08:39:43', '1983-08-22 11:55:30');
INSERT INTO `materialsStorages` (`branch_id`, `material_id`, `quantity`, `unit_name`, `created_at`, `updated_at`) VALUES (1, 15, 339, 'adipisci', '1984-09-06 06:24:43', '1971-07-06 06:12:54');
INSERT INTO `materialsStorages` (`branch_id`, `material_id`, `quantity`, `unit_name`, `created_at`, `updated_at`) VALUES (1, 22, 321, 'omnis', '2009-04-10 00:21:58', '1974-10-23 14:04:43');
INSERT INTO `materialsStorages` (`branch_id`, `material_id`, `quantity`, `unit_name`, `created_at`, `updated_at`) VALUES (1, 29, 91, 'quia', '1994-09-20 01:33:41', '2010-12-13 21:54:39');
INSERT INTO `materialsStorages` (`branch_id`, `material_id`, `quantity`, `unit_name`, `created_at`, `updated_at`) VALUES (1, 36, 63, 'officia', '1970-12-05 01:32:26', '1988-12-10 14:50:45');
INSERT INTO `materialsStorages` (`branch_id`, `material_id`, `quantity`, `unit_name`, `created_at`, `updated_at`) VALUES (2, 2, 301, 'rerum', '1991-06-16 13:16:01', '2007-08-11 17:33:08');
INSERT INTO `materialsStorages` (`branch_id`, `material_id`, `quantity`, `unit_name`, `created_at`, `updated_at`) VALUES (2, 4, 53, 'quia', '1971-11-01 03:55:35', '1981-04-28 13:48:25');
INSERT INTO `materialsStorages` (`branch_id`, `material_id`, `quantity`, `unit_name`, `created_at`, `updated_at`) VALUES (2, 9, 97, 'ex', '1974-08-04 05:04:01', '1970-05-20 09:04:08');
INSERT INTO `materialsStorages` (`branch_id`, `material_id`, `quantity`, `unit_name`, `created_at`, `updated_at`) VALUES (2, 16, 348, 'porro', '1976-07-19 04:44:15', '1986-05-03 00:33:13');
INSERT INTO `materialsStorages` (`branch_id`, `material_id`, `quantity`, `unit_name`, `created_at`, `updated_at`) VALUES (2, 23, 424, 'ipsa', '1994-03-08 20:07:03', '2019-07-16 22:48:25');
INSERT INTO `materialsStorages` (`branch_id`, `material_id`, `quantity`, `unit_name`, `created_at`, `updated_at`) VALUES (2, 30, 42, 'quod', '1985-05-11 14:55:35', '1977-11-18 19:20:38');
INSERT INTO `materialsStorages` (`branch_id`, `material_id`, `quantity`, `unit_name`, `created_at`, `updated_at`) VALUES (2, 37, 213, 'voluptatum', '2007-09-05 10:04:34', '1992-04-13 23:36:49');
INSERT INTO `materialsStorages` (`branch_id`, `material_id`, `quantity`, `unit_name`, `created_at`, `updated_at`) VALUES (3, 3, 150, 'repudiandae', '2003-12-20 13:04:45', '1988-03-05 07:39:32');
INSERT INTO `materialsStorages` (`branch_id`, `material_id`, `quantity`, `unit_name`, `created_at`, `updated_at`) VALUES (3, 5, 38, 'consequatur', '2013-02-07 04:29:04', '1994-09-09 21:10:51');
INSERT INTO `materialsStorages` (`branch_id`, `material_id`, `quantity`, `unit_name`, `created_at`, `updated_at`) VALUES (3, 10, 234, 'quod', '1979-12-11 04:03:32', '1995-05-14 04:39:56');
INSERT INTO `materialsStorages` (`branch_id`, `material_id`, `quantity`, `unit_name`, `created_at`, `updated_at`) VALUES (3, 17, 320, 'ut', '2006-10-16 08:35:52', '1981-10-22 09:32:52');
INSERT INTO `materialsStorages` (`branch_id`, `material_id`, `quantity`, `unit_name`, `created_at`, `updated_at`) VALUES (3, 24, 130, 'dolore', '2008-05-10 14:05:38', '1970-02-23 21:40:09');
INSERT INTO `materialsStorages` (`branch_id`, `material_id`, `quantity`, `unit_name`, `created_at`, `updated_at`) VALUES (3, 31, 44, 'et', '2014-08-26 23:24:29', '1995-06-20 23:50:19');
INSERT INTO `materialsStorages` (`branch_id`, `material_id`, `quantity`, `unit_name`, `created_at`, `updated_at`) VALUES (3, 38, 297, 'voluptatibus', '1974-04-13 23:29:32', '2016-11-02 01:24:40');
INSERT INTO `materialsStorages` (`branch_id`, `material_id`, `quantity`, `unit_name`, `created_at`, `updated_at`) VALUES (4, 4, 76, 'unde', '2008-09-10 09:01:57', '1981-12-26 00:39:46');
INSERT INTO `materialsStorages` (`branch_id`, `material_id`, `quantity`, `unit_name`, `created_at`, `updated_at`) VALUES (4, 6, 124, 'fugiat', '1978-06-29 08:06:14', '1989-08-04 20:01:46');
INSERT INTO `materialsStorages` (`branch_id`, `material_id`, `quantity`, `unit_name`, `created_at`, `updated_at`) VALUES (4, 11, 172, 'quasi', '1989-10-08 22:58:42', '1978-03-17 13:20:13');
INSERT INTO `materialsStorages` (`branch_id`, `material_id`, `quantity`, `unit_name`, `created_at`, `updated_at`) VALUES (4, 18, 413, 'corrupti', '2006-07-29 07:05:30', '1998-10-11 09:14:43');
INSERT INTO `materialsStorages` (`branch_id`, `material_id`, `quantity`, `unit_name`, `created_at`, `updated_at`) VALUES (4, 25, 284, 'velit', '2017-06-08 16:03:00', '1986-10-07 03:08:52');
INSERT INTO `materialsStorages` (`branch_id`, `material_id`, `quantity`, `unit_name`, `created_at`, `updated_at`) VALUES (4, 32, 56, 'nobis', '1972-07-07 04:07:33', '2010-04-22 17:32:00');
INSERT INTO `materialsStorages` (`branch_id`, `material_id`, `quantity`, `unit_name`, `created_at`, `updated_at`) VALUES (4, 39, 399, 'fugit', '1997-08-02 16:38:47', '2006-03-20 18:59:37');
INSERT INTO `materialsStorages` (`branch_id`, `material_id`, `quantity`, `unit_name`, `created_at`, `updated_at`) VALUES (5, 5, 342, 'iure', '1987-11-05 00:39:45', '2005-08-21 16:44:57');
INSERT INTO `materialsStorages` (`branch_id`, `material_id`, `quantity`, `unit_name`, `created_at`, `updated_at`) VALUES (5, 7, 91, 'ut', '2001-07-13 00:18:50', '2014-02-07 13:52:14');
INSERT INTO `materialsStorages` (`branch_id`, `material_id`, `quantity`, `unit_name`, `created_at`, `updated_at`) VALUES (5, 12, 365, 'dicta', '1970-09-24 23:48:35', '1977-05-22 22:26:08');
INSERT INTO `materialsStorages` (`branch_id`, `material_id`, `quantity`, `unit_name`, `created_at`, `updated_at`) VALUES (5, 19, 328, 'sunt', '1980-11-20 11:06:38', '2016-09-16 10:41:46');
INSERT INTO `materialsStorages` (`branch_id`, `material_id`, `quantity`, `unit_name`, `created_at`, `updated_at`) VALUES (5, 26, 390, 'molestiae', '1995-07-05 22:25:47', '1987-12-28 08:58:59');
INSERT INTO `materialsStorages` (`branch_id`, `material_id`, `quantity`, `unit_name`, `created_at`, `updated_at`) VALUES (5, 33, 440, 'eveniet', '2002-04-11 22:56:46', '2011-08-23 17:23:07');
INSERT INTO `materialsStorages` (`branch_id`, `material_id`, `quantity`, `unit_name`, `created_at`, `updated_at`) VALUES (5, 40, 477, 'soluta', '1980-06-11 03:06:28', '1972-08-25 06:58:58');
INSERT INTO `materialsStorages` (`branch_id`, `material_id`, `quantity`, `unit_name`, `created_at`, `updated_at`) VALUES (6, 1, 293, 'est', '2013-05-12 22:43:38', '2014-10-08 17:52:48');
INSERT INTO `materialsStorages` (`branch_id`, `material_id`, `quantity`, `unit_name`, `created_at`, `updated_at`) VALUES (6, 6, 120, 'neque', '2007-01-01 15:03:20', '1990-03-05 13:10:44');
INSERT INTO `materialsStorages` (`branch_id`, `material_id`, `quantity`, `unit_name`, `created_at`, `updated_at`) VALUES (6, 8, 207, 'dolor', '2016-07-16 13:39:19', '1993-08-16 12:36:45');
INSERT INTO `materialsStorages` (`branch_id`, `material_id`, `quantity`, `unit_name`, `created_at`, `updated_at`) VALUES (6, 13, 56, 'rem', '1979-10-31 18:15:30', '1986-01-27 10:38:52');
INSERT INTO `materialsStorages` (`branch_id`, `material_id`, `quantity`, `unit_name`, `created_at`, `updated_at`) VALUES (6, 20, 8, 'sed', '1985-02-19 22:46:51', '2014-06-27 03:14:53');
INSERT INTO `materialsStorages` (`branch_id`, `material_id`, `quantity`, `unit_name`, `created_at`, `updated_at`) VALUES (6, 27, 298, 'sint', '1970-10-14 17:22:34', '1981-03-17 06:16:10');
INSERT INTO `materialsStorages` (`branch_id`, `material_id`, `quantity`, `unit_name`, `created_at`, `updated_at`) VALUES (6, 34, 494, 'nemo', '1990-03-27 12:51:03', '2011-04-12 00:30:06');
INSERT INTO `materialsStorages` (`branch_id`, `material_id`, `quantity`, `unit_name`, `created_at`, `updated_at`) VALUES (7, 2, 281, 'ipsum', '1985-09-22 16:29:01', '1972-06-22 15:01:49');
INSERT INTO `materialsStorages` (`branch_id`, `material_id`, `quantity`, `unit_name`, `created_at`, `updated_at`) VALUES (7, 7, 496, 'molestiae', '2002-05-13 08:21:58', '1994-02-18 01:30:53');
INSERT INTO `materialsStorages` (`branch_id`, `material_id`, `quantity`, `unit_name`, `created_at`, `updated_at`) VALUES (7, 9, 211, 'et', '1974-09-04 06:04:17', '1992-11-14 13:18:01');
INSERT INTO `materialsStorages` (`branch_id`, `material_id`, `quantity`, `unit_name`, `created_at`, `updated_at`) VALUES (7, 14, 329, 'beatae', '1992-04-16 03:54:28', '2006-12-09 09:58:49');
INSERT INTO `materialsStorages` (`branch_id`, `material_id`, `quantity`, `unit_name`, `created_at`, `updated_at`) VALUES (7, 21, 222, 'distinctio', '1987-07-16 18:37:21', '2005-07-02 21:59:29');
INSERT INTO `materialsStorages` (`branch_id`, `material_id`, `quantity`, `unit_name`, `created_at`, `updated_at`) VALUES (7, 28, 194, 'doloremque', '1994-01-19 04:26:43', '1997-08-12 09:41:43');
INSERT INTO `materialsStorages` (`branch_id`, `material_id`, `quantity`, `unit_name`, `created_at`, `updated_at`) VALUES (7, 35, 495, 'sit', '1993-06-18 11:04:39', '2020-04-15 02:56:55');

